timestamp,action,pose,target_robot_pose,target_finger_scores,completion,hit_threshold,reset_threshold,hold_frames,finger_scores,stability,counted
2026-06-24 10:23:13,张开手训练,"[226, 210, 162, 128, 128, 128]","[255, 255, 255, 255, 255, 255]","{""thumb"": 0, ""index"": 0, ""middle"": 0, ""ring"": 0, ""little"": 0}",59.0,80.0,60.0,5,"{""thumb"": 19, ""index"": 36, ""middle"": 50, ""ring"": 50, ""little"": 50}",无数据,False
2026-06-24 10:23:13,张开手训练,"[233, 218, 154, 128, 128, 128]","[255, 255, 255, 255, 255, 255]","{""thumb"": 0, ""index"": 0, ""middle"": 0, ""ring"": 0, ""little"": 0}",59.0,80.0,60.0,5,"{""thumb"": 1, ""index"": 53, ""middle"": 51, ""ring"": 50, ""little"": 50}",无数据,False
2026-06-24 10:23:13,张开手训练,"[236, 224, 162, 136, 136, 136]","[255, 255, 255, 255, 255, 255]","{""thumb"": 0, ""index"": 0, ""middle"": 0, ""ring"": 0, ""little"": 0}",97.2,80.0,60.0,5,"{""thumb"": 6, ""index"": 0, ""middle"": 0, ""ring"": 0, ""little"": 8}",无数据,False
2026-06-24 10:23:13,张开手训练,"[241, 232, 170, 144, 144, 144]","[255, 255, 255, 255, 255, 255]","{""thumb"": 0, ""index"": 0, ""middle"": 0, ""ring"": 0, ""little"": 0}",100.0,80.0,60.0,5,"{""thumb"": 0, ""index"": 0, ""middle"": 0, ""ring"": 0, ""little"": 0}",无数据,False
2026-06-24 10:23:13,张开手训练,"[243, 236, 178, 152, 152, 152]","[255, 255, 255, 255, 255, 255]","{""thumb"": 0, ""index"": 0, ""middle"": 0, ""ring"": 0, ""little"": 0}",99.4,80.0,60.0,5,"{""thumb"": 3, ""index"": 0, ""middle"": 0, ""ring"": 0, ""little"": 0}",一般,False
2026-06-24 10:23:13,张开手训练,"[245, 240, 186, 160, 160, 160]","[255, 255, 255, 255, 255, 255]","{""thumb"": 0, ""index"": 0, ""middle"": 0, ""ring"": 0, ""little"": 0}",99.6,80.0,60.0,5,"{""thumb"": 2, ""index"": 0, ""middle"": 0, ""ring"": 0, ""little"": 0}",一般,False
2026-06-24 10:23:13,张开手训练,"[247, 242, 194, 168, 168, 168]","[255, 255, 255, 255, 255, 255]","{""thumb"": 0, ""index"": 0, ""middle"": 0, ""ring"": 0, ""little"": 0}",99.6,80.0,60.0,5,"{""thumb"": 2, ""index"": 0, ""middle"": 0, ""ring"": 0, ""little"": 0}",一般,True
2026-06-24 10:23:13,张开手训练,"[248, 244, 202, 176, 176, 176]","[255, 255, 255, 255, 255, 255]","{""thumb"": 0, ""index"": 0, ""middle"": 0, ""ring"": 0, ""little"": 0}",99.2,80.0,60.0,5,"{""thumb"": 2, ""index"": 1, ""middle"": 1, ""ring"": 0, ""little"": 0}",一般,False
2026-06-24 10:23:13,张开手训练,"[248, 244, 210, 184, 184, 184]","[255, 255, 255, 255, 255, 255]","{""thumb"": 0, ""index"": 0, ""middle"": 0, ""ring"": 0, ""little"": 0}",99.2,80.0,60.0,5,"{""thumb"": 3, ""index"": 0, ""middle"": 1, ""ring"": 0, ""little"": 0}",一般,False
2026-06-24 10:23:13,张开手训练,"[248, 244, 218, 192, 192, 192]","[255, 255, 255, 255, 255, 255]","{""thumb"": 0, ""index"": 0, ""middle"": 0, ""ring"": 0, ""little"": 0}",99.4,80.0,60.0,5,"{""thumb"": 3, ""index"": 0, ""middle"": 0, ""ring"": 0, ""little"": 0}",一般,False
2026-06-24 10:23:13,张开手训练,"[248, 244, 226, 200, 200, 200]","[255, 255, 255, 255, 255, 255]","{""thumb"": 0, ""index"": 0, ""middle"": 0, ""ring"": 0, ""little"": 0}",99.4,80.0,60.0,5,"{""thumb"": 3, ""index"": 0, ""middle"": 0, ""ring"": 0, ""little"": 0}",一般,False
2026-06-24 10:23:13,张开手训练,"[248, 246, 233, 208, 208, 208]","[255, 255, 255, 255, 255, 255]","{""thumb"": 0, ""index"": 0, ""middle"": 0, ""ring"": 0, ""little"": 0}",99.6,80.0,60.0,5,"{""thumb"": 2, ""index"": 0, ""middle"": 0, ""ring"": 0, ""little"": 0}",一般,False
2026-06-24 10:23:13,张开手训练,"[250, 248, 238, 216, 216, 216]","[255, 255, 255, 255, 255, 255]","{""thumb"": 0, ""index"": 0, ""middle"": 0, ""ring"": 0, ""little"": 0}",99.8,80.0,60.0,5,"{""thumb"": 1, ""index"": 0, ""middle"": 0, ""ring"": 0, ""little"": 0}",一般,False
2026-06-24 10:23:13,张开手训练,"[250, 248, 242, 224, 224, 224]","[255, 255, 255, 255, 255, 255]","{""thumb"": 0, ""index"": 0, ""middle"": 0, ""ring"": 0, ""little"": 0}",99.8,80.0,60.0,5,"{""thumb"": 1, ""index"": 0, ""middle"": 0, ""ring"": 0, ""little"": 0}",一般,False
2026-06-24 10:23:13,张开手训练,"[250, 248, 245, 232, 232, 232]","[255, 255, 255, 255, 255, 255]","{""thumb"": 0, ""index"": 0, ""middle"": 0, ""ring"": 0, ""little"": 0}",99.8,80.0,60.0,5,"{""thumb"": 1, ""index"": 0, ""middle"": 0, ""ring"": 0, ""little"": 0}",一般,False
2026-06-24 10:23:13,张开手训练,"[250, 250, 248, 238, 238, 238]","[255, 255, 255, 255, 255, 255]","{""thumb"": 0, ""index"": 0, ""middle"": 0, ""ring"": 0, ""little"": 0}",100.0,80.0,60.0,5,"{""thumb"": 0, ""index"": 0, ""middle"": 0, ""ring"": 0, ""little"": 0}",一般,False
2026-06-24 10:23:13,张开手训练,"[250, 250, 250, 242, 242, 242]","[255, 255, 255, 255, 255, 255]","{""thumb"": 0, ""index"": 0, ""middle"": 0, ""ring"": 0, ""little"": 0}",99.8,80.0,60.0,5,"{""thumb"": 1, ""index"": 0, ""middle"": 0, ""ring"": 0, ""little"": 0}",一般,False
2026-06-24 10:23:13,张开手训练,"[250, 250, 250, 245, 245, 245]","[255, 255, 255, 255, 255, 255]","{""thumb"": 0, ""index"": 0, ""middle"": 0, ""ring"": 0, ""little"": 0}",100.0,80.0,60.0,5,"{""thumb"": 0, ""index"": 0, ""middle"": 0, ""ring"": 0, ""little"": 0}",一般,False
2026-06-24 10:23:13,张开手训练,"[250, 250, 250, 248, 248, 248]","[255, 255, 255, 255, 255, 255]","{""thumb"": 0, ""index"": 0, ""middle"": 0, ""ring"": 0, ""little"": 0}",100.0,80.0,60.0,5,"{""thumb"": 0, ""index"": 0, ""middle"": 0, ""ring"": 0, ""little"": 0}",一般,False
2026-06-24 10:23:13,张开手训练,"[250, 250, 250, 250, 250, 250]","[255, 255, 255, 255, 255, 255]","{""thumb"": 0, ""index"": 0, ""middle"": 0, ""ring"": 0, ""little"": 0}",100.0,80.0,60.0,5,"{""thumb"": 0, ""index"": 0, ""middle"": 0, ""ring"": 0, ""little"": 0}",一般,False
2026-06-24 10:23:13,张开手训练,"[250, 250, 250, 250, 250, 250]","[255, 255, 255, 255, 255, 255]","{""thumb"": 0, ""index"": 0, ""middle"": 0, ""ring"": 0, ""little"": 0}",100.0,80.0,60.0,5,"{""thumb"": 0, ""index"": 0, ""middle"": 0, ""ring"": 0, ""little"": 0}",一般,False
2026-06-24 10:23:14,张开手训练,"[250, 250, 250, 250, 250, 250]","[255, 255, 255, 255, 255, 255]","{""thumb"": 0, ""index"": 0, ""middle"": 0, ""ring"": 0, ""little"": 0}",100.0,80.0,60.0,5,"{""thumb"": 0, ""index"": 0, ""middle"": 0, ""ring"": 0, ""little"": 0}",一般,False
2026-06-24 10:23:14,张开手训练,"[250, 250, 250, 250, 250, 250]","[255, 255, 255, 255, 255, 255]","{""thumb"": 0, ""index"": 0, ""middle"": 0, ""ring"": 0, ""little"": 0}",100.0,80.0,60.0,5,"{""thumb"": 0, ""index"": 0, ""middle"": 0, ""ring"": 0, ""little"": 0}",一般,False
2026-06-24 10:23:14,张开手训练,"[250, 250, 250, 250, 250, 250]","[255, 255, 255, 255, 255, 255]","{""thumb"": 0, ""index"": 0, ""middle"": 0, ""ring"": 0, ""little"": 0}",100.0,80.0,60.0,5,"{""thumb"": 0, ""index"": 0, ""middle"": 0, ""ring"": 0, ""little"": 0}",一般,False
2026-06-24 10:23:14,张开手训练,"[250, 250, 250, 250, 250, 250]","[255, 255, 255, 255, 255, 255]","{""thumb"": 0, ""index"": 0, ""middle"": 0, ""ring"": 0, ""little"": 0}",100.0,80.0,60.0,5,"{""thumb"": 0, ""index"": 0, ""middle"": 0, ""ring"": 0, ""little"": 0}",一般,False
2026-06-24 10:23:14,张开手训练,"[250, 250, 250, 250, 250, 250]","[255, 255, 255, 255, 255, 255]","{""thumb"": 0, ""index"": 0, ""middle"": 0, ""ring"": 0, ""little"": 0}",100.0,80.0,60.0,5,"{""thumb"": 0, ""index"": 0, ""middle"": 0, ""ring"": 0, ""little"": 0}",良好,False
2026-06-24 10:23:14,张开手训练,"[250, 250, 250, 250, 250, 250]","[255, 255, 255, 255, 255, 255]","{""thumb"": 0, ""index"": 0, ""middle"": 0, ""ring"": 0, ""little"": 0}",99.8,80.0,60.0,5,"{""thumb"": 1, ""index"": 0, ""middle"": 0, ""ring"": 0, ""little"": 0}",良好,False
2026-06-24 10:23:14,张开手训练,"[250, 250, 250, 250, 250, 250]","[255, 255, 255, 255, 255, 255]","{""thumb"": 0, ""index"": 0, ""middle"": 0, ""ring"": 0, ""little"": 0}",99.4,80.0,60.0,5,"{""thumb"": 3, ""index"": 0, ""middle"": 0, ""ring"": 0, ""little"": 0}",良好,False
2026-06-24 10:23:14,张开手训练,"[250, 250, 250, 250, 250, 250]","[255, 255, 255, 255, 255, 255]","{""thumb"": 0, ""index"": 0, ""middle"": 0, ""ring"": 0, ""little"": 0}",99.2,80.0,60.0,5,"{""thumb"": 4, ""index"": 0, ""middle"": 0, ""ring"": 0, ""little"": 0}",良好,False
2026-06-24 10:23:14,张开手训练,"[248, 247, 250, 250, 250, 246]","[255, 255, 255, 255, 255, 255]","{""thumb"": 0, ""index"": 0, ""middle"": 0, ""ring"": 0, ""little"": 0}",96.8,80.0,60.0,5,"{""thumb"": 7, ""index"": 0, ""middle"": 0, ""ring"": 2, ""little"": 7}",良好,False
2026-06-24 10:23:14,张开手训练,"[246, 243, 250, 250, 242, 238]","[255, 255, 255, 255, 255, 255]","{""thumb"": 0, ""index"": 0, ""middle"": 0, ""ring"": 0, ""little"": 0}",91.0,80.0,60.0,5,"{""thumb"": 10, ""index"": 0, ""middle"": 1, ""ring"": 14, ""little"": 20}",良好,False
2026-06-24 10:23:14,张开手训练,"[243, 238, 250, 242, 234, 230]","[255, 255, 255, 255, 255, 255]","{""thumb"": 0, ""index"": 0, ""middle"": 0, ""ring"": 0, ""little"": 0}",66.2,80.0,60.0,5,"{""thumb"": 13, ""index"": 1, ""middle"": 32, ""ring"": 62, ""little"": 61}",良好,False
2026-06-24 10:23:14,张开手训练,"[239, 232, 242, 234, 226, 222]","[255, 255, 255, 255, 255, 255]","{""thumb"": 0, ""index"": 0, ""middle"": 0, ""ring"": 0, ""little"": 0}",49.6,80.0,60.0,5,"{""thumb"": 18, ""index"": 25, ""middle"": 68, ""ring"": 70, ""little"": 71}",良好,False
2026-06-24 10:23:14,张开手训练,"[234, 224, 234, 226, 218, 214]","[255, 255, 255, 255, 255, 255]","{""thumb"": 0, ""index"": 0, ""middle"": 0, ""ring"": 0, ""little"": 0}",47.0,80.0,60.0,5,"{""thumb"": 25, ""index"": 66, ""middle"": 56, ""ring"": 57, ""little"": 61}",良好,False
2026-06-24 10:23:14,张开手训练,"[230, 217, 226, 218, 210, 206]","[255, 255, 255, 255, 255, 255]","{""thumb"": 0, ""index"": 0, ""middle"": 0, ""ring"": 0, ""little"": 0}",51.8,80.0,60.0,5,"{""thumb"": 25, ""index"": 55, ""middle"": 53, ""ring"": 53, ""little"": 55}",良好,False
2026-06-24 10:23:14,张开手训练,"[223, 209, 218, 210, 202, 198]","[255, 255, 255, 255, 255, 255]","{""thumb"": 0, ""index"": 0, ""middle"": 0, ""ring"": 0, ""little"": 0}",51.4,80.0,60.0,5,"{""thumb"": 34, ""index"": 53, ""middle"": 52, ""ring"": 51, ""little"": 53}",良好,False
2026-06-24 10:23:14,张开手训练,"[217, 201, 210, 202, 194, 190]","[255, 255, 255, 255, 255, 255]","{""thumb"": 0, ""index"": 0, ""middle"": 0, ""ring"": 0, ""little"": 0}",51.2,80.0,60.0,5,"{""thumb"": 36, ""index"": 51, ""middle"": 52, ""ring"": 52, ""little"": 53}",良好,False
2026-06-24 10:23:14,张开手训练,"[215, 197, 202, 194, 186, 182]","[255, 255, 255, 255, 255, 255]","{""thumb"": 0, ""index"": 0, ""middle"": 0, ""ring"": 0, ""little"": 0}",51.0,80.0,60.0,5,"{""thumb"": 30, ""index"": 51, ""middle"": 55, ""ring"": 55, ""little"": 54}",良好,False
2026-06-24 10:23:14,张开手训练,"[212, 192, 194, 186, 178, 174]","[255, 255, 255, 255, 255, 255]","{""thumb"": 0, ""index"": 0, ""middle"": 0, ""ring"": 0, ""little"": 0}",47.6,80.0,60.0,5,"{""thumb"": 33, ""index"": 52, ""middle"": 59, ""ring"": 60, ""little"": 58}",一般,False
2026-06-24 10:23:14,张开手训练,"[210, 188, 186, 178, 170, 166]","[255, 255, 255, 255, 255, 255]","{""thumb"": 0, ""index"": 0, ""middle"": 0, ""ring"": 0, ""little"": 0}",47.6,80.0,60.0,5,"{""thumb"": 34, ""index"": 52, ""middle"": 59, ""ring"": 60, ""little"": 57}",一般,False
2026-06-24 10:23:14,张开手训练,"[208, 184, 178, 170, 162, 158]","[255, 255, 255, 255, 255, 255]","{""thumb"": 0, ""index"": 0, ""middle"": 0, ""ring"": 0, ""little"": 0}",46.8,80.0,60.0,5,"{""thumb"": 36, ""index"": 52, ""middle"": 59, ""ring"": 62, ""little"": 57}",一般,False
2026-06-24 10:23:14,张开手训练,"[206, 180, 170, 162, 154, 150]","[255, 255, 255, 255, 255, 255]","{""thumb"": 0, ""index"": 0, ""middle"": 0, ""ring"": 0, ""little"": 0}",46.2,80.0,60.0,5,"{""thumb"": 37, ""index"": 52, ""middle"": 60, ""ring"": 62, ""little"": 58}",一般,False
2026-06-24 10:23:14,张开手训练,"[203, 176, 162, 154, 146, 142]","[255, 255, 255, 255, 255, 255]","{""thumb"": 0, ""index"": 0, ""middle"": 0, ""ring"": 0, ""little"": 0}",45.0,80.0,60.0,5,"{""thumb"": 39, ""index"": 53, ""middle"": 61, ""ring"": 63, ""little"": 59}",一般,False
2026-06-24 10:23:14,张开手训练,"[201, 173, 154, 146, 138, 134]","[255, 255, 255, 255, 255, 255]","{""thumb"": 0, ""index"": 0, ""middle"": 0, ""ring"": 0, ""little"": 0}",45.2,80.0,60.0,5,"{""thumb"": 38, ""index"": 53, ""middle"": 61, ""ring"": 63, ""little"": 59}",一般,False
2026-06-24 10:23:14,张开手训练,"[200, 170, 146, 138, 130, 127]","[255, 255, 255, 255, 255, 255]","{""thumb"": 0, ""index"": 0, ""middle"": 0, ""ring"": 0, ""little"": 0}",45.0,80.0,60.0,5,"{""thumb"": 39, ""index"": 53, ""middle"": 61, ""ring"": 63, ""little"": 59}",一般,False
2026-06-24 10:23:14,张开手训练,"[198, 167, 140, 130, 122, 122]","[255, 255, 255, 255, 255, 255]","{""thumb"": 0, ""index"": 0, ""middle"": 0, ""ring"": 0, ""little"": 0}",44.6,80.0,60.0,5,"{""thumb"": 41, ""index"": 52, ""middle"": 61, ""ring"": 64, ""little"": 59}",一般,False
2026-06-24 10:23:14,张开手训练,"[196, 165, 134, 122, 114, 117]","[255, 255, 255, 255, 255, 255]","{""thumb"": 0, ""index"": 0, ""middle"": 0, ""ring"": 0, ""little"": 0}",43.4,80.0,60.0,5,"{""thumb"": 41, ""index"": 54, ""middle"": 63, ""ring"": 65, ""little"": 60}",一般,False
2026-06-24 10:23:14,张开手训练,"[194, 162, 130, 116, 108, 113]","[255, 255, 255, 255, 255, 255]","{""thumb"": 0, ""index"": 0, ""middle"": 0, ""ring"": 0, ""little"": 0}",43.4,80.0,60.0,5,"{""thumb"": 43, ""index"": 53, ""middle"": 62, ""ring"": 65, ""little"": 60}",一般,False
2026-06-24 10:23:14,张开手训练,"[194, 160, 127, 111, 103, 110]","[255, 255, 255, 255, 255, 255]","{""thumb"": 0, ""index"": 0, ""middle"": 0, ""ring"": 0, ""little"": 0}",43.0,80.0,60.0,5,"{""thumb"": 43, ""index"": 53, ""middle"": 63, ""ring"": 66, ""little"": 60}",一般,False
2026-06-24 10:23:14,张开手训练,"[192, 158, 125, 107, 99, 108]","[255, 255, 255, 255, 255, 255]","{""thumb"": 0, ""index"": 0, ""middle"": 0, ""ring"": 0, ""little"": 0}",42.8,80.0,60.0,5,"{""thumb"": 44, ""index"": 53, ""middle"": 62, ""ring"": 66, ""little"": 61}",一般,False
2026-06-24 10:23:14,张开手训练,"[192, 158, 125, 105, 97, 106]","[255, 255, 255, 255, 255, 255]","{""thumb"": 0, ""index"": 0, ""middle"": 0, ""ring"": 0, ""little"": 0}",43.6,80.0,60.0,5,"{""thumb"": 43, ""index"": 53, ""middle"": 61, ""ring"": 65, ""little"": 60}",一般,False
2026-06-24 10:23:15,张开手训练,"[192, 156, 125, 103, 95, 106]","[255, 255, 255, 255, 255, 255]","{""thumb"": 0, ""index"": 0, ""middle"": 0, ""ring"": 0, ""little"": 0}",43.6,80.0,60.0,5,"{""thumb"": 44, ""index"": 52, ""middle"": 61, ""ring"": 65, ""little"": 60}",一般,False
2026-06-24 10:23:15,张开手训练,"[192, 156, 125, 103, 95, 106]","[255, 255, 255, 255, 255, 255]","{""thumb"": 0, ""index"": 0, ""middle"": 0, ""ring"": 0, ""little"": 0}",44.0,80.0,60.0,5,"{""thumb"": 42, ""index"": 53, ""middle"": 61, ""ring"": 65, ""little"": 59}",一般,False
2026-06-24 10:23:15,张开手训练,"[192, 156, 125, 103, 94, 106]","[255, 255, 255, 255, 255, 255]","{""thumb"": 0, ""index"": 0, ""middle"": 0, ""ring"": 0, ""little"": 0}",43.2,80.0,60.0,5,"{""thumb"": 44, ""index"": 53, ""middle"": 62, ""ring"": 65, ""little"": 60}",一般,False
2026-06-24 10:23:15,张开手训练,"[190, 154, 125, 103, 94, 106]","[255, 255, 255, 255, 255, 255]","{""thumb"": 0, ""index"": 0, ""middle"": 0, ""ring"": 0, ""little"": 0}",44.0,80.0,60.0,5,"{""thumb"": 45, ""index"": 52, ""middle"": 61, ""ring"": 64, ""little"": 58}",一般,False
2026-06-24 10:23:15,张开手训练,"[190, 154, 125, 103, 94, 106]","[255, 255, 255, 255, 255, 255]","{""thumb"": 0, ""index"": 0, ""middle"": 0, ""ring"": 0, ""little"": 0}",44.0,80.0,60.0,5,"{""thumb"": 44, ""index"": 52, ""middle"": 61, ""ring"": 64, ""little"": 59}",一般,False
2026-06-24 10:23:15,张开手训练,"[190, 152, 125, 103, 94, 106]","[255, 255, 255, 255, 255, 255]","{""thumb"": 0, ""index"": 0, ""middle"": 0, ""ring"": 0, ""little"": 0}",43.8,80.0,60.0,5,"{""thumb"": 46, ""index"": 52, ""middle"": 60, ""ring"": 64, ""little"": 59}",一般,False
2026-06-24 10:23:15,张开手训练,"[190, 150, 125, 101, 92, 106]","[255, 255, 255, 255, 255, 255]","{""thumb"": 0, ""index"": 0, ""middle"": 0, ""ring"": 0, ""little"": 0}",42.6,80.0,60.0,5,"{""thumb"": 46, ""index"": 53, ""middle"": 62, ""ring"": 66, ""little"": 60}",一般,False
2026-06-24 10:23:15,张开手训练,"[190, 150, 125, 100, 90, 106]","[255, 255, 255, 255, 255, 255]","{""thumb"": 0, ""index"": 0, ""middle"": 0, ""ring"": 0, ""little"": 0}",43.0,80.0,60.0,5,"{""thumb"": 44, ""index"": 52, ""middle"": 63, ""ring"": 66, ""little"": 60}",良好,False
2026-06-24 10:23:15,张开手训练,"[190, 150, 125, 100, 90, 106]","[255, 255, 255, 255, 255, 255]","{""thumb"": 0, ""index"": 0, ""middle"": 0, ""ring"": 0, ""little"": 0}",43.4,80.0,60.0,5,"{""thumb"": 43, ""index"": 53, ""middle"": 62, ""ring"": 65, ""little"": 60}",良好,False
2026-06-24 10:23:15,张开手训练,"[190, 150, 125, 100, 90, 106]","[255, 255, 255, 255, 255, 255]","{""thumb"": 0, ""index"": 0, ""middle"": 0, ""ring"": 0, ""little"": 0}",43.4,80.0,60.0,5,"{""thumb"": 44, ""index"": 52, ""middle"": 62, ""ring"": 65, ""little"": 60}",良好,False
2026-06-24 10:23:15,张开手训练,"[190, 150, 125, 100, 90, 106]","[255, 255, 255, 255, 255, 255]","{""thumb"": 0, ""index"": 0, ""middle"": 0, ""ring"": 0, ""little"": 0}",43.2,80.0,60.0,5,"{""thumb"": 44, ""index"": 52, ""middle"": 62, ""ring"": 66, ""little"": 60}",良好,False
2026-06-24 10:23:15,张开手训练,"[190, 150, 124, 100, 90, 106]","[255, 255, 255, 255, 255, 255]","{""thumb"": 0, ""index"": 0, ""middle"": 0, ""ring"": 0, ""little"": 0}",42.6,80.0,60.0,5,"{""thumb"": 45, ""index"": 53, ""middle"": 63, ""ring"": 66, ""little"": 60}",良好,False
2026-06-24 10:23:15,张开手训练,"[190, 150, 122, 98, 90, 106]","[255, 255, 255, 255, 255, 255]","{""thumb"": 0, ""index"": 0, ""middle"": 0, ""ring"": 0, ""little"": 0}",42.8,80.0,60.0,5,"{""thumb"": 44, ""index"": 54, ""middle"": 63, ""ring"": 65, ""little"": 60}",良好,False
2026-06-24 10:23:15,张开手训练,"[190, 150, 122, 98, 90, 106]","[255, 255, 255, 255, 255, 255]","{""thumb"": 0, ""index"": 0, ""middle"": 0, ""ring"": 0, ""little"": 0}",42.8,80.0,60.0,5,"{""thumb"": 46, ""index"": 53, ""middle"": 62, ""ring"": 65, ""little"": 60}",良好,False
2026-06-24 10:23:15,张开手训练,"[190, 150, 122, 96, 90, 106]","[255, 255, 255, 255, 255, 255]","{""thumb"": 0, ""index"": 0, ""middle"": 0, ""ring"": 0, ""little"": 0}",42.4,80.0,60.0,5,"{""thumb"": 42, ""index"": 54, ""middle"": 64, ""ring"": 67, ""little"": 61}",良好,False
2026-06-24 10:23:15,张开手训练,"[190, 150, 122, 96, 90, 106]","[255, 255, 255, 255, 255, 255]","{""thumb"": 0, ""index"": 0, ""middle"": 0, ""ring"": 0, ""little"": 0}",43.6,80.0,60.0,5,"{""thumb"": 43, ""index"": 53, ""middle"": 62, ""ring"": 65, ""little"": 59}",良好,False
2026-06-24 10:23:15,张开手训练,"[190, 150, 122, 96, 90, 106]","[255, 255, 255, 255, 255, 255]","{""thumb"": 0, ""index"": 0, ""middle"": 0, ""ring"": 0, ""little"": 0}",43.4,80.0,60.0,5,"{""thumb"": 45, ""index"": 52, ""middle"": 62, ""ring"": 65, ""little"": 59}",良好,False
2026-06-24 10:23:15,张开手训练,"[190, 150, 122, 96, 90, 106]","[255, 255, 255, 255, 255, 255]","{""thumb"": 0, ""index"": 0, ""middle"": 0, ""ring"": 0, ""little"": 0}",43.4,80.0,60.0,5,"{""thumb"": 43, ""index"": 53, ""middle"": 62, ""ring"": 65, ""little"": 60}",良好,False
2026-06-24 10:23:15,张开手训练,"[190, 152, 122, 98, 90, 106]","[255, 255, 255, 255, 255, 255]","{""thumb"": 0, ""index"": 0, ""middle"": 0, ""ring"": 0, ""little"": 0}",44.8,80.0,60.0,5,"{""thumb"": 42, ""index"": 52, ""middle"": 60, ""ring"": 63, ""little"": 59}",良好,False
2026-06-24 10:23:15,张开手训练,"[190, 152, 122, 98, 90, 106]","[255, 255, 255, 255, 255, 255]","{""thumb"": 0, ""index"": 0, ""middle"": 0, ""ring"": 0, ""little"": 0}",44.8,80.0,60.0,5,"{""thumb"": 42, ""index"": 52, ""middle"": 60, ""ring"": 63, ""little"": 59}",良好,False
2026-06-24 10:23:15,张开手训练,"[190, 150, 122, 98, 90, 106]","[255, 255, 255, 255, 255, 255]","{""thumb"": 0, ""index"": 0, ""middle"": 0, ""ring"": 0, ""little"": 0}",43.6,80.0,60.0,5,"{""thumb"": 46, ""index"": 52, ""middle"": 61, ""ring"": 64, ""little"": 59}",良好,False
2026-06-24 10:23:15,张开手训练,"[190, 150, 122, 98, 90, 106]","[255, 255, 255, 255, 255, 255]","{""thumb"": 0, ""index"": 0, ""middle"": 0, ""ring"": 0, ""little"": 0}",44.0,80.0,60.0,5,"{""thumb"": 44, ""index"": 52, ""middle"": 60, ""ring"": 64, ""little"": 60}",良好,False
2026-06-24 10:23:15,张开手训练,"[190, 150, 122, 98, 90, 106]","[255, 255, 255, 255, 255, 255]","{""thumb"": 0, ""index"": 0, ""middle"": 0, ""ring"": 0, ""little"": 0}",44.0,80.0,60.0,5,"{""thumb"": 44, ""index"": 52, ""middle"": 61, ""ring"": 64, ""little"": 59}",良好,False
2026-06-24 10:23:15,张开手训练,"[190, 150, 122, 98, 90, 106]","[255, 255, 255, 255, 255, 255]","{""thumb"": 0, ""index"": 0, ""middle"": 0, ""ring"": 0, ""little"": 0}",44.2,80.0,60.0,5,"{""thumb"": 43, ""index"": 52, ""middle"": 61, ""ring"": 64, ""little"": 59}",良好,False
2026-06-24 10:23:15,张开手训练,"[190, 150, 122, 98, 90, 106]","[255, 255, 255, 255, 255, 255]","{""thumb"": 0, ""index"": 0, ""middle"": 0, ""ring"": 0, ""little"": 0}",44.6,80.0,60.0,5,"{""thumb"": 42, ""index"": 52, ""middle"": 61, ""ring"": 63, ""little"": 59}",良好,False
2026-06-24 10:23:15,张开手训练,"[190, 150, 122, 98, 90, 106]","[255, 255, 255, 255, 255, 255]","{""thumb"": 0, ""index"": 0, ""middle"": 0, ""ring"": 0, ""little"": 0}",43.4,80.0,60.0,5,"{""thumb"": 43, ""index"": 53, ""middle"": 62, ""ring"": 65, ""little"": 60}",良好,False
2026-06-24 10:23:15,张开手训练,"[190, 150, 122, 98, 90, 106]","[255, 255, 255, 255, 255, 255]","{""thumb"": 0, ""index"": 0, ""middle"": 0, ""ring"": 0, ""little"": 0}",44.2,80.0,60.0,5,"{""thumb"": 42, ""index"": 52, ""middle"": 62, ""ring"": 64, ""little"": 59}",良好,False
2026-06-24 10:23:15,张开手训练,"[190, 150, 122, 98, 90, 106]","[255, 255, 255, 255, 255, 255]","{""thumb"": 0, ""index"": 0, ""middle"": 0, ""ring"": 0, ""little"": 0}",44.8,80.0,60.0,5,"{""thumb"": 43, ""index"": 52, ""middle"": 60, ""ring"": 63, ""little"": 58}",良好,False
2026-06-24 10:23:15,张开手训练,"[190, 150, 122, 98, 90, 106]","[255, 255, 255, 255, 255, 255]","{""thumb"": 0, ""index"": 0, ""middle"": 0, ""ring"": 0, ""little"": 0}",44.6,80.0,60.0,5,"{""thumb"": 44, ""index"": 52, ""middle"": 60, ""ring"": 63, ""little"": 58}",良好,False
2026-06-24 10:23:15,张开手训练,"[190, 152, 122, 100, 92, 106]","[255, 255, 255, 255, 255, 255]","{""thumb"": 0, ""index"": 0, ""middle"": 0, ""ring"": 0, ""little"": 0}",46.0,80.0,60.0,5,"{""thumb"": 41, ""index"": 51, ""middle"": 59, ""ring"": 61, ""little"": 58}",良好,False
2026-06-24 10:23:16,张开手训练,"[190, 152, 122, 100, 92, 106]","[255, 255, 255, 255, 255, 255]","{""thumb"": 0, ""index"": 0, ""middle"": 0, ""ring"": 0, ""little"": 0}",45.2,80.0,60.0,5,"{""thumb"": 42, ""index"": 52, ""middle"": 60, ""ring"": 62, ""little"": 58}",良好,False
2026-06-24 10:23:16,张开手训练,"[190, 152, 122, 100, 92, 106]","[255, 255, 255, 255, 255, 255]","{""thumb"": 0, ""index"": 0, ""middle"": 0, ""ring"": 0, ""little"": 0}",44.8,80.0,60.0,5,"{""thumb"": 44, ""index"": 52, ""middle"": 60, ""ring"": 62, ""little"": 58}",良好,False
2026-06-24 10:23:16,张开手训练,"[190, 152, 122, 100, 92, 106]","[255, 255, 255, 255, 255, 255]","{""thumb"": 0, ""index"": 0, ""middle"": 0, ""ring"": 0, ""little"": 0}",45.4,80.0,60.0,5,"{""thumb"": 42, ""index"": 52, ""middle"": 60, ""ring"": 62, ""little"": 57}",良好,False
2026-06-24 10:23:16,张开手训练,"[190, 152, 122, 100, 92, 106]","[255, 255, 255, 255, 255, 255]","{""thumb"": 0, ""index"": 0, ""middle"": 0, ""ring"": 0, ""little"": 0}",45.0,80.0,60.0,5,"{""thumb"": 42, ""index"": 52, ""middle"": 60, ""ring"": 63, ""little"": 58}",良好,False
2026-06-24 10:23:16,张开手训练,"[190, 152, 122, 100, 92, 106]","[255, 255, 255, 255, 255, 255]","{""thumb"": 0, ""index"": 0, ""middle"": 0, ""ring"": 0, ""little"": 0}",45.2,80.0,60.0,5,"{""thumb"": 43, ""index"": 52, ""middle"": 59, ""ring"": 62, ""little"": 58}",良好,False
2026-06-24 10:23:16,张开手训练,"[190, 152, 122, 100, 94, 106]","[255, 255, 255, 255, 255, 255]","{""thumb"": 0, ""index"": 0, ""middle"": 0, ""ring"": 0, ""little"": 0}",45.6,80.0,60.0,5,"{""thumb"": 43, ""index"": 52, ""middle"": 59, ""ring"": 61, ""little"": 57}",良好,False
2026-06-24 10:23:16,张开手训练,"[190, 152, 122, 102, 96, 106]","[255, 255, 255, 255, 255, 255]","{""thumb"": 0, ""index"": 0, ""middle"": 0, ""ring"": 0, ""little"": 0}",46.2,80.0,60.0,5,"{""thumb"": 42, ""index"": 51, ""middle"": 58, ""ring"": 61, ""little"": 57}",良好,False
2026-06-24 10:23:16,张开手训练,"[190, 152, 122, 102, 96, 106]","[255, 255, 255, 255, 255, 255]","{""thumb"": 0, ""index"": 0, ""middle"": 0, ""ring"": 0, ""little"": 0}",45.4,80.0,60.0,5,"{""thumb"": 42, ""index"": 52, ""middle"": 60, ""ring"": 62, ""little"": 57}",良好,False
2026-06-24 10:23:16,张开手训练,"[190, 154, 122, 104, 98, 108]","[255, 255, 255, 255, 255, 255]","{""thumb"": 0, ""index"": 0, ""middle"": 0, ""ring"": 0, ""little"": 0}",47.6,80.0,60.0,5,"{""thumb"": 40, ""index"": 51, ""middle"": 57, ""ring"": 59, ""little"": 55}",良好,False
2026-06-24 10:23:16,张开手训练,"[190, 154, 122, 104, 98, 108]","[255, 255, 255, 255, 255, 255]","{""thumb"": 0, ""index"": 0, ""middle"": 0, ""ring"": 0, ""little"": 0}",46.6,80.0,60.0,5,"{""thumb"": 41, ""index"": 51, ""middle"": 58, ""ring"": 60, ""little"": 57}",良好,False
2026-06-24 10:23:16,张开手训练,"[190, 156, 122, 104, 100, 108]","[255, 255, 255, 255, 255, 255]","{""thumb"": 0, ""index"": 0, ""middle"": 0, ""ring"": 0, ""little"": 0}",47.4,80.0,60.0,5,"{""thumb"": 40, ""index"": 51, ""middle"": 57, ""ring"": 59, ""little"": 56}",良好,False
2026-06-24 10:23:16,张开手训练,"[192, 158, 122, 107, 103, 110]","[255, 255, 255, 255, 255, 255]","{""thumb"": 0, ""index"": 0, ""middle"": 0, ""ring"": 0, ""little"": 0}",49.4,80.0,60.0,5,"{""thumb"": 38, ""index"": 50, ""middle"": 55, ""ring"": 56, ""little"": 54}",良好,False
2026-06-24 10:23:16,张开手训练,"[192, 158, 124, 110, 106, 112]","[255, 255, 255, 255, 255, 255]","{""thumb"": 0, ""index"": 0, ""middle"": 0, ""ring"": 0, ""little"": 0}",49.8,80.0,60.0,5,"{""thumb"": 39, ""index"": 50, ""middle"": 54, ""ring"": 55, ""little"": 53}",良好,False
2026-06-24 10:23:16,张开手训练,"[192, 158, 124, 112, 109, 114]","[255, 255, 255, 255, 255, 255]","{""thumb"": 0, ""index"": 0, ""middle"": 0, ""ring"": 0, ""little"": 0}",50.2,80.0,60.0,5,"{""thumb"": 39, ""index"": 50, ""middle"": 53, ""ring"": 54, ""little"": 53}",良好,False
2026-06-24 10:23:16,张开手训练,"[194, 161, 124, 114, 111, 116]","[255, 255, 255, 255, 255, 255]","{""thumb"": 0, ""index"": 0, ""middle"": 0, ""ring"": 0, ""little"": 0}",51.2,80.0,60.0,5,"{""thumb"": 35, ""index"": 50, ""middle"": 52, ""ring"": 54, ""little"": 53}",良好,False
2026-06-24 10:23:16,张开手训练,"[196, 164, 124, 116, 112, 116]","[255, 255, 255, 255, 255, 255]","{""thumb"": 0, ""index"": 0, ""middle"": 0, ""ring"": 0, ""little"": 0}",50.6,80.0,60.0,5,"{""thumb"": 36, ""index"": 51, ""middle"": 53, ""ring"": 54, ""little"": 53}",良好,False
2026-06-24 10:23:16,张开手训练,"[196, 164, 124, 116, 114, 116]","[255, 255, 255, 255, 255, 255]","{""thumb"": 0, ""index"": 0, ""middle"": 0, ""ring"": 0, ""little"": 0}",50.8,80.0,60.0,5,"{""thumb"": 36, ""index"": 50, ""middle"": 53, ""ring"": 54, ""little"": 53}",良好,False
2026-06-24 10:23:16,张开手训练,"[198, 167, 124, 118, 114, 116]","[255, 255, 255, 255, 255, 255]","{""thumb"": 0, ""index"": 0, ""middle"": 0, ""ring"": 0, ""little"": 0}",51.6,80.0,60.0,5,"{""thumb"": 34, ""index"": 50, ""middle"": 52, ""ring"": 53, ""little"": 53}",良好,False
2026-06-24 10:23:16,张开手训练,"[198, 167, 124, 118, 116, 118]","[255, 255, 255, 255, 255, 255]","{""thumb"": 0, ""index"": 0, ""middle"": 0, ""ring"": 0, ""little"": 0}",51.6,80.0,60.0,5,"{""thumb"": 35, ""index"": 50, ""middle"": 52, ""ring"": 53, ""little"": 52}",良好,False
2026-06-24 10:23:16,张开手训练,"[198, 167, 124, 118, 116, 118]","[255, 255, 255, 255, 255, 255]","{""thumb"": 0, ""index"": 0, ""middle"": 0, ""ring"": 0, ""little"": 0}",51.2,80.0,60.0,5,"{""thumb"": 37, ""index"": 50, ""middle"": 52, ""ring"": 53, ""little"": 52}",良好,False
2026-06-24 10:23:16,张开手训练,"[198, 167, 124, 118, 116, 118]","[255, 255, 255, 255, 255, 255]","{""thumb"": 0, ""index"": 0, ""middle"": 0, ""ring"": 0, ""little"": 0}",50.2,80.0,60.0,5,"{""thumb"": 36, ""index"": 50, ""middle"": 54, ""ring"": 55, ""little"": 54}",良好,False
2026-06-24 10:23:16,张开手训练,"[198, 167, 124, 118, 116, 118]","[255, 255, 255, 255, 255, 255]","{""thumb"": 0, ""index"": 0, ""middle"": 0, ""ring"": 0, ""little"": 0}",50.8,80.0,60.0,5,"{""thumb"": 36, ""index"": 50, ""middle"": 53, ""ring"": 54, ""little"": 53}",良好,False
2026-06-24 10:23:16,张开手训练,"[198, 167, 124, 118, 116, 118]","[255, 255, 255, 255, 255, 255]","{""thumb"": 0, ""index"": 0, ""middle"": 0, ""ring"": 0, ""little"": 0}",50.4,80.0,60.0,5,"{""thumb"": 38, ""index"": 50, ""middle"": 53, ""ring"": 54, ""little"": 53}",良好,False
2026-06-24 10:23:16,张开手训练,"[198, 167, 124, 118, 116, 118]","[255, 255, 255, 255, 255, 255]","{""thumb"": 0, ""index"": 0, ""middle"": 0, ""ring"": 0, ""little"": 0}",50.0,80.0,60.0,5,"{""thumb"": 35, ""index"": 50, ""middle"": 55, ""ring"": 56, ""little"": 54}",良好,False
2026-06-24 10:23:16,张开手训练,"[198, 167, 124, 118, 116, 118]","[255, 255, 255, 255, 255, 255]","{""thumb"": 0, ""index"": 0, ""middle"": 0, ""ring"": 0, ""little"": 0}",49.6,80.0,60.0,5,"{""thumb"": 38, ""index"": 50, ""middle"": 54, ""ring"": 56, ""little"": 54}",良好,False
2026-06-24 10:23:16,张开手训练,"[198, 166, 124, 118, 116, 118]","[255, 255, 255, 255, 255, 255]","{""thumb"": 0, ""index"": 0, ""middle"": 0, ""ring"": 0, ""little"": 0}",48.8,80.0,60.0,5,"{""thumb"": 40, ""index"": 50, ""middle"": 55, ""ring"": 56, ""little"": 55}",良好,False
2026-06-24 10:23:16,张开手训练,"[198, 166, 124, 118, 116, 118]","[255, 255, 255, 255, 255, 255]","{""thumb"": 0, ""index"": 0, ""middle"": 0, ""ring"": 0, ""little"": 0}",49.4,80.0,60.0,5,"{""thumb"": 39, ""index"": 50, ""middle"": 54, ""ring"": 56, ""little"": 54}",良好,False
2026-06-24 10:23:16,张开手训练,"[198, 166, 124, 118, 116, 118]","[255, 255, 255, 255, 255, 255]","{""thumb"": 0, ""index"": 0, ""middle"": 0, ""ring"": 0, ""little"": 0}",49.2,80.0,60.0,5,"{""thumb"": 38, ""index"": 50, ""middle"": 55, ""ring"": 56, ""little"": 55}",良好,False
2026-06-24 10:23:16,张开手训练,"[198, 164, 124, 118, 116, 118]","[255, 255, 255, 255, 255, 255]","{""thumb"": 0, ""index"": 0, ""middle"": 0, ""ring"": 0, ""little"": 0}",48.8,80.0,60.0,5,"{""thumb"": 40, ""index"": 50, ""middle"": 55, ""ring"": 56, ""little"": 55}",良好,False
2026-06-24 10:23:16,张开手训练,"[198, 164, 124, 118, 116, 118]","[255, 255, 255, 255, 255, 255]","{""thumb"": 0, ""index"": 0, ""middle"": 0, ""ring"": 0, ""little"": 0}",49.2,80.0,60.0,5,"{""thumb"": 38, ""index"": 50, ""middle"": 55, ""ring"": 56, ""little"": 55}",良好,False
2026-06-24 10:23:17,张开手训练,"[198, 164, 124, 118, 116, 118]","[255, 255, 255, 255, 255, 255]","{""thumb"": 0, ""index"": 0, ""middle"": 0, ""ring"": 0, ""little"": 0}",49.0,80.0,60.0,5,"{""thumb"": 39, ""index"": 50, ""middle"": 55, ""ring"": 56, ""little"": 55}",良好,False
2026-06-24 10:23:17,张开手训练,"[196, 162, 124, 118, 116, 118]","[255, 255, 255, 255, 255, 255]","{""thumb"": 0, ""index"": 0, ""middle"": 0, ""ring"": 0, ""little"": 0}",49.2,80.0,60.0,5,"{""thumb"": 41, ""index"": 50, ""middle"": 54, ""ring"": 55, ""little"": 54}",良好,False
2026-06-24 10:23:17,张开手训练,"[196, 162, 124, 118, 116, 118]","[255, 255, 255, 255, 255, 255]","{""thumb"": 0, ""index"": 0, ""middle"": 0, ""ring"": 0, ""little"": 0}",48.8,80.0,60.0,5,"{""thumb"": 40, ""index"": 50, ""middle"": 55, ""ring"": 56, ""little"": 55}",良好,False
2026-06-24 10:23:17,张开手训练,"[196, 162, 124, 118, 116, 118]","[255, 255, 255, 255, 255, 255]","{""thumb"": 0, ""index"": 0, ""middle"": 0, ""ring"": 0, ""little"": 0}",49.0,80.0,60.0,5,"{""thumb"": 40, ""index"": 50, ""middle"": 55, ""ring"": 56, ""little"": 54}",良好,False
2026-06-24 10:23:17,张开手训练,"[196, 162, 124, 118, 116, 118]","[255, 255, 255, 255, 255, 255]","{""thumb"": 0, ""index"": 0, ""middle"": 0, ""ring"": 0, ""little"": 0}",49.4,80.0,60.0,5,"{""thumb"": 39, ""index"": 50, ""middle"": 55, ""ring"": 55, ""little"": 54}",良好,False
2026-06-24 10:23:17,张开手训练,"[196, 162, 124, 118, 116, 118]","[255, 255, 255, 255, 255, 255]","{""thumb"": 0, ""index"": 0, ""middle"": 0, ""ring"": 0, ""little"": 0}",49.2,80.0,60.0,5,"{""thumb"": 41, ""index"": 50, ""middle"": 54, ""ring"": 55, ""little"": 54}",良好,False
2026-06-24 10:23:17,张开手训练,"[196, 162, 124, 118, 116, 118]","[255, 255, 255, 255, 255, 255]","{""thumb"": 0, ""index"": 0, ""middle"": 0, ""ring"": 0, ""little"": 0}",49.4,80.0,60.0,5,"{""thumb"": 39, ""index"": 50, ""middle"": 54, ""ring"": 56, ""little"": 54}",良好,False
2026-06-24 10:23:17,张开手训练,"[196, 162, 124, 118, 116, 118]","[255, 255, 255, 255, 255, 255]","{""thumb"": 0, ""index"": 0, ""middle"": 0, ""ring"": 0, ""little"": 0}",49.0,80.0,60.0,5,"{""thumb"": 40, ""index"": 50, ""middle"": 55, ""ring"": 56, ""little"": 54}",良好,False
2026-06-24 10:23:17,张开手训练,"[196, 162, 124, 118, 116, 118]","[255, 255, 255, 255, 255, 255]","{""thumb"": 0, ""index"": 0, ""middle"": 0, ""ring"": 0, ""little"": 0}",49.4,80.0,60.0,5,"{""thumb"": 39, ""index"": 50, ""middle"": 54, ""ring"": 55, ""little"": 55}",良好,False
2026-06-24 10:23:17,张开手训练,"[196, 162, 124, 118, 116, 118]","[255, 255, 255, 255, 255, 255]","{""thumb"": 0, ""index"": 0, ""middle"": 0, ""ring"": 0, ""little"": 0}",50.0,80.0,60.0,5,"{""thumb"": 38, ""index"": 50, ""middle"": 54, ""ring"": 55, ""little"": 53}",良好,False
2026-06-24 10:23:17,张开手训练,"[196, 162, 124, 118, 116, 118]","[255, 255, 255, 255, 255, 255]","{""thumb"": 0, ""index"": 0, ""middle"": 0, ""ring"": 0, ""little"": 0}",50.4,80.0,60.0,5,"{""thumb"": 38, ""index"": 50, ""middle"": 53, ""ring"": 54, ""little"": 53}",良好,False
2026-06-24 10:23:17,张开手训练,"[198, 166, 124, 120, 118, 120]","[255, 255, 255, 255, 255, 255]","{""thumb"": 0, ""index"": 0, ""middle"": 0, ""ring"": 0, ""little"": 0}",53.0,80.0,60.0,5,"{""thumb"": 32, ""index"": 50, ""middle"": 51, ""ring"": 51, ""little"": 51}",良好,False
2026-06-24 10:23:17,张开手训练,"[201, 170, 124, 122, 120, 122]","[255, 255, 255, 255, 255, 255]","{""thumb"": 0, ""index"": 0, ""middle"": 0, ""ring"": 0, ""little"": 0}",53.6,80.0,60.0,5,"{""thumb"": 30, ""index"": 52, ""middle"": 50, ""ring"": 50, ""little"": 50}",良好,False
2026-06-24 10:23:17,张开手训练,"[201, 172, 124, 122, 122, 122]","[255, 255, 255, 255, 255, 255]","{""thumb"": 0, ""index"": 0, ""middle"": 0, ""ring"": 0, ""little"": 0}",52.8,80.0,60.0,5,"{""thumb"": 33, ""index"": 51, ""middle"": 51, ""ring"": 50, ""little"": 51}",良好,False
2026-06-24 10:23:17,张开手训练,"[205, 178, 116, 120, 122, 122]","[255, 255, 255, 255, 255, 255]","{""thumb"": 0, ""index"": 0, ""middle"": 0, ""ring"": 0, ""little"": 0}",50.0,80.0,60.0,5,"{""thumb"": 24, ""index"": 64, ""middle"": 55, ""ring"": 53, ""little"": 54}",良好,False
2026-06-24 10:23:17,张开手训练,"[213, 186, 124, 116, 117, 118]","[255, 255, 255, 255, 255, 255]","{""thumb"": 0, ""index"": 0, ""middle"": 0, ""ring"": 0, ""little"": 0}",58.2,80.0,60.0,5,"{""thumb"": 9, ""index"": 22, ""middle"": 59, ""ring"": 60, ""little"": 59}",良好,False
2026-06-24 10:23:17,张开手训练,"[221, 194, 132, 124, 125, 126]","[255, 255, 255, 255, 255, 255]","{""thumb"": 0, ""index"": 0, ""middle"": 0, ""ring"": 0, ""little"": 0}",89.4,80.0,60.0,5,"{""thumb"": 0, ""index"": 1, ""middle"": 0, ""ring"": 23, ""little"": 29}",良好,False
2026-06-24 10:23:17,张开手训练,"[229, 202, 140, 132, 133, 134]","[255, 255, 255, 255, 255, 255]","{""thumb"": 0, ""index"": 0, ""middle"": 0, ""ring"": 0, ""little"": 0}",100.0,80.0,60.0,5,"{""thumb"": 0, ""index"": 0, ""middle"": 0, ""ring"": 0, ""little"": 0}",良好,False
2026-06-24 10:23:17,张开手训练,"[236, 210, 148, 140, 141, 142]","[255, 255, 255, 255, 255, 255]","{""thumb"": 0, ""index"": 0, ""middle"": 0, ""ring"": 0, ""little"": 0}",100.0,80.0,60.0,5,"{""thumb"": 0, ""index"": 0, ""middle"": 0, ""ring"": 0, ""little"": 0}",良好,False
2026-06-24 10:23:17,张开手训练,"[239, 218, 156, 148, 149, 150]","[255, 255, 255, 255, 255, 255]","{""thumb"": 0, ""index"": 0, ""middle"": 0, ""ring"": 0, ""little"": 0}",99.0,80.0,60.0,5,"{""thumb"": 5, ""index"": 0, ""middle"": 0, ""ring"": 0, ""little"": 0}",良好,False
2026-06-24 10:23:17,张开手训练,"[239, 222, 164, 156, 157, 158]","[255, 255, 255, 255, 255, 255]","{""thumb"": 0, ""index"": 0, ""middle"": 0, ""ring"": 0, ""little"": 0}",98.4,80.0,60.0,5,"{""thumb"": 8, ""index"": 0, ""middle"": 0, ""ring"": 0, ""little"": 0}",良好,True
2026-06-24 10:23:17,张开手训练,"[239, 224, 172, 164, 165, 166]","[255, 255, 255, 255, 255, 255]","{""thumb"": 0, ""index"": 0, ""middle"": 0, ""ring"": 0, ""little"": 0}",98.0,80.0,60.0,5,"{""thumb"": 10, ""index"": 0, ""middle"": 0, ""ring"": 0, ""little"": 0}",良好,False
2026-06-24 10:23:17,张开手训练,"[239, 224, 180, 172, 173, 174]","[255, 255, 255, 255, 255, 255]","{""thumb"": 0, ""index"": 0, ""middle"": 0, ""ring"": 0, ""little"": 0}",97.8,80.0,60.0,5,"{""thumb"": 11, ""index"": 0, ""middle"": 0, ""ring"": 0, ""little"": 0}",一般,False
2026-06-24 10:23:17,张开手训练,"[239, 226, 188, 180, 181, 182]","[255, 255, 255, 255, 255, 255]","{""thumb"": 0, ""index"": 0, ""middle"": 0, ""ring"": 0, ""little"": 0}",98.0,80.0,60.0,5,"{""thumb"": 10, ""index"": 0, ""middle"": 0, ""ring"": 0, ""little"": 0}",一般,False
2026-06-24 10:23:17,张开手训练,"[239, 226, 196, 188, 189, 190]","[255, 255, 255, 255, 255, 255]","{""thumb"": 0, ""index"": 0, ""middle"": 0, ""ring"": 0, ""little"": 0}",97.8,80.0,60.0,5,"{""thumb"": 11, ""index"": 0, ""middle"": 0, ""ring"": 0, ""little"": 0}",一般,False
2026-06-24 10:23:17,张开手训练,"[239, 226, 204, 196, 197, 198]","[255, 255, 255, 255, 255, 255]","{""thumb"": 0, ""index"": 0, ""middle"": 0, ""ring"": 0, ""little"": 0}",97.8,80.0,60.0,5,"{""thumb"": 11, ""index"": 0, ""middle"": 0, ""ring"": 0, ""little"": 0}",一般,False
2026-06-24 10:23:17,张开手训练,"[239, 226, 212, 204, 205, 206]","[255, 255, 255, 255, 255, 255]","{""thumb"": 0, ""index"": 0, ""middle"": 0, ""ring"": 0, ""little"": 0}",97.6,80.0,60.0,5,"{""thumb"": 12, ""index"": 0, ""middle"": 0, ""ring"": 0, ""little"": 0}",一般,False
2026-06-24 10:23:17,张开手训练,"[239, 226, 220, 212, 213, 214]","[255, 255, 255, 255, 255, 255]","{""thumb"": 0, ""index"": 0, ""middle"": 0, ""ring"": 0, ""little"": 0}",97.6,80.0,60.0,5,"{""thumb"": 12, ""index"": 0, ""middle"": 0, ""ring"": 0, ""little"": 0}",一般,False
2026-06-24 10:23:17,张开手训练,"[239, 226, 228, 220, 221, 222]","[255, 255, 255, 255, 255, 255]","{""thumb"": 0, ""index"": 0, ""middle"": 0, ""ring"": 0, ""little"": 0}",97.6,80.0,60.0,5,"{""thumb"": 12, ""index"": 0, ""middle"": 0, ""ring"": 0, ""little"": 0}",一般,False
2026-06-24 10:23:17,张开手训练,"[239, 226, 235, 228, 229, 230]","[255, 255, 255, 255, 255, 255]","{""thumb"": 0, ""index"": 0, ""middle"": 0, ""ring"": 0, ""little"": 0}",97.6,80.0,60.0,5,"{""thumb"": 12, ""index"": 0, ""middle"": 0, ""ring"": 0, ""little"": 0}",一般,False
2026-06-24 10:23:18,张开手训练,"[239, 226, 240, 235, 236, 236]","[255, 255, 255, 255, 255, 255]","{""thumb"": 0, ""index"": 0, ""middle"": 0, ""ring"": 0, ""little"": 0}",97.6,80.0,60.0,5,"{""thumb"": 12, ""index"": 0, ""middle"": 0, ""ring"": 0, ""little"": 0}",一般,False
2026-06-24 10:23:18,张开手训练,"[239, 226, 244, 240, 241, 241]","[255, 255, 255, 255, 255, 255]","{""thumb"": 0, ""index"": 0, ""middle"": 0, ""ring"": 0, ""little"": 0}",97.6,80.0,60.0,5,"{""thumb"": 12, ""index"": 0, ""middle"": 0, ""ring"": 0, ""little"": 0}",一般,False
2026-06-24 10:23:18,张开手训练,"[239, 226, 247, 244, 244, 244]","[255, 255, 255, 255, 255, 255]","{""thumb"": 0, ""index"": 0, ""middle"": 0, ""ring"": 0, ""little"": 0}",97.8,80.0,60.0,5,"{""thumb"": 11, ""index"": 0, ""middle"": 0, ""ring"": 0, ""little"": 0}",一般,False
2026-06-24 10:23:18,张开手训练,"[239, 226, 249, 247, 247, 247]","[255, 255, 255, 255, 255, 255]","{""thumb"": 0, ""index"": 0, ""middle"": 0, ""ring"": 0, ""little"": 0}",97.6,80.0,60.0,5,"{""thumb"": 12, ""index"": 0, ""middle"": 0, ""ring"": 0, ""little"": 0}",一般,False
2026-06-24 10:23:18,张开手训练,"[239, 226, 250, 249, 249, 249]","[255, 255, 255, 255, 255, 255]","{""thumb"": 0, ""index"": 0, ""middle"": 0, ""ring"": 0, ""little"": 0}",97.6,80.0,60.0,5,"{""thumb"": 12, ""index"": 0, ""middle"": 0, ""ring"": 0, ""little"": 0}",一般,False
2026-06-24 10:23:18,张开手训练,"[239, 226, 250, 250, 250, 250]","[255, 255, 255, 255, 255, 255]","{""thumb"": 0, ""index"": 0, ""middle"": 0, ""ring"": 0, ""little"": 0}",97.6,80.0,60.0,5,"{""thumb"": 12, ""index"": 0, ""middle"": 0, ""ring"": 0, ""little"": 0}",一般,False
2026-06-24 10:23:18,张开手训练,"[239, 226, 250, 250, 250, 250]","[255, 255, 255, 255, 255, 255]","{""thumb"": 0, ""index"": 0, ""middle"": 0, ""ring"": 0, ""little"": 0}",97.6,80.0,60.0,5,"{""thumb"": 12, ""index"": 0, ""middle"": 0, ""ring"": 0, ""little"": 0}",一般,False
2026-06-24 10:23:18,张开手训练,"[239, 226, 250, 250, 250, 250]","[255, 255, 255, 255, 255, 255]","{""thumb"": 0, ""index"": 0, ""middle"": 0, ""ring"": 0, ""little"": 0}",97.6,80.0,60.0,5,"{""thumb"": 12, ""index"": 0, ""middle"": 0, ""ring"": 0, ""little"": 0}",一般,False
2026-06-24 10:23:18,张开手训练,"[239, 226, 250, 250, 250, 250]","[255, 255, 255, 255, 255, 255]","{""thumb"": 0, ""index"": 0, ""middle"": 0, ""ring"": 0, ""little"": 0}",97.8,80.0,60.0,5,"{""thumb"": 11, ""index"": 0, ""middle"": 0, ""ring"": 0, ""little"": 0}",一般,False
2026-06-24 10:23:18,张开手训练,"[239, 226, 250, 250, 250, 250]","[255, 255, 255, 255, 255, 255]","{""thumb"": 0, ""index"": 0, ""middle"": 0, ""ring"": 0, ""little"": 0}",97.8,80.0,60.0,5,"{""thumb"": 11, ""index"": 0, ""middle"": 0, ""ring"": 0, ""little"": 0}",一般,False
2026-06-24 10:23:18,张开手训练,"[239, 226, 250, 250, 250, 250]","[255, 255, 255, 255, 255, 255]","{""thumb"": 0, ""index"": 0, ""middle"": 0, ""ring"": 0, ""little"": 0}",97.6,80.0,60.0,5,"{""thumb"": 12, ""index"": 0, ""middle"": 0, ""ring"": 0, ""little"": 0}",良好,False
2026-06-24 10:23:18,张开手训练,"[239, 226, 250, 250, 250, 250]","[255, 255, 255, 255, 255, 255]","{""thumb"": 0, ""index"": 0, ""middle"": 0, ""ring"": 0, ""little"": 0}",97.8,80.0,60.0,5,"{""thumb"": 11, ""index"": 0, ""middle"": 0, ""ring"": 0, ""little"": 0}",良好,False
2026-06-24 10:23:18,张开手训练,"[239, 226, 250, 250, 250, 250]","[255, 255, 255, 255, 255, 255]","{""thumb"": 0, ""index"": 0, ""middle"": 0, ""ring"": 0, ""little"": 0}",97.8,80.0,60.0,5,"{""thumb"": 11, ""index"": 0, ""middle"": 0, ""ring"": 0, ""little"": 0}",良好,False
2026-06-24 10:23:18,张开手训练,"[239, 228, 250, 250, 250, 250]","[255, 255, 255, 255, 255, 255]","{""thumb"": 0, ""index"": 0, ""middle"": 0, ""ring"": 0, ""little"": 0}",98.0,80.0,60.0,5,"{""thumb"": 10, ""index"": 0, ""middle"": 0, ""ring"": 0, ""little"": 0}",良好,False
2026-06-24 10:23:18,张开手训练,"[242, 234, 250, 250, 250, 250]","[255, 255, 255, 255, 255, 255]","{""thumb"": 0, ""index"": 0, ""middle"": 0, ""ring"": 0, ""little"": 0}",99.6,80.0,60.0,5,"{""thumb"": 2, ""index"": 0, ""middle"": 0, ""ring"": 0, ""little"": 0}",良好,False
2026-06-24 10:23:18,张开手训练,"[245, 239, 250, 250, 250, 250]","[255, 255, 255, 255, 255, 255]","{""thumb"": 0, ""index"": 0, ""middle"": 0, ""ring"": 0, ""little"": 0}",99.8,80.0,60.0,5,"{""thumb"": 0, ""index"": 0, ""middle"": 0, ""ring"": 0, ""little"": 1}",良好,False
2026-06-24 10:23:18,张开手训练,"[243, 236, 242, 242, 242, 242]","[255, 255, 255, 255, 255, 255]","{""thumb"": 0, ""index"": 0, ""middle"": 0, ""ring"": 0, ""little"": 0}",54.6,80.0,60.0,5,"{""thumb"": 12, ""index"": 21, ""middle"": 59, ""ring"": 69, ""little"": 66}",良好,False
2026-06-24 10:23:18,张开手训练,"[235, 228, 234, 234, 234, 234]","[255, 255, 255, 255, 255, 255]","{""thumb"": 0, ""index"": 0, ""middle"": 0, ""ring"": 0, ""little"": 0}",44.4,80.0,60.0,5,"{""thumb"": 35, ""index"": 65, ""middle"": 58, ""ring"": 58, ""little"": 62}",良好,False
2026-06-24 10:23:18,张开手训练,"[227, 220, 226, 226, 226, 226]","[255, 255, 255, 255, 255, 255]","{""thumb"": 0, ""index"": 0, ""middle"": 0, ""ring"": 0, ""little"": 0}",48.6,80.0,60.0,5,"{""thumb"": 37, ""index"": 56, ""middle"": 54, ""ring"": 54, ""little"": 56}",良好,False
2026-06-24 10:23:18,张开手训练,"[219, 212, 218, 218, 218, 218]","[255, 255, 255, 255, 255, 255]","{""thumb"": 0, ""index"": 0, ""middle"": 0, ""ring"": 0, ""little"": 0}",49.2,80.0,60.0,5,"{""thumb"": 42, ""index"": 54, ""middle"": 52, ""ring"": 52, ""little"": 54}",良好,False
2026-06-24 10:23:18,张开手训练,"[211, 204, 210, 210, 210, 210]","[255, 255, 255, 255, 255, 255]","{""thumb"": 0, ""index"": 0, ""middle"": 0, ""ring"": 0, ""little"": 0}",49.8,80.0,60.0,5,"{""thumb"": 44, ""index"": 52, ""middle"": 51, ""ring"": 51, ""little"": 53}",良好,False
2026-06-24 10:23:18,张开手训练,"[205, 196, 202, 202, 202, 202]","[255, 255, 255, 255, 255, 255]","{""thumb"": 0, ""index"": 0, ""middle"": 0, ""ring"": 0, ""little"": 0}",49.8,80.0,60.0,5,"{""thumb"": 44, ""index"": 52, ""middle"": 52, ""ring"": 51, ""little"": 52}",良好,False
2026-06-24 10:23:18,张开手训练,"[200, 188, 194, 194, 194, 194]","[255, 255, 255, 255, 255, 255]","{""thumb"": 0, ""index"": 0, ""middle"": 0, ""ring"": 0, ""little"": 0}",49.0,80.0,60.0,5,"{""thumb"": 45, ""index"": 52, ""middle"": 53, ""ring"": 52, ""little"": 53}",一般,False
2026-06-24 10:23:18,张开手训练,"[196, 180, 186, 186, 186, 186]","[255, 255, 255, 255, 255, 255]","{""thumb"": 0, ""index"": 0, ""middle"": 0, ""ring"": 0, ""little"": 0}",48.2,80.0,60.0,5,"{""thumb"": 46, ""index"": 51, ""middle"": 54, ""ring"": 54, ""little"": 54}",一般,False
2026-06-24 10:23:18,张开手训练,"[194, 173, 178, 178, 178, 178]","[255, 255, 255, 255, 255, 255]","{""thumb"": 0, ""index"": 0, ""middle"": 0, ""ring"": 0, ""little"": 0}",48.2,80.0,60.0,5,"{""thumb"": 44, ""index"": 51, ""middle"": 55, ""ring"": 55, ""little"": 54}",一般,False
2026-06-24 10:23:18,张开手训练,"[192, 166, 170, 170, 170, 170]","[255, 255, 255, 255, 255, 255]","{""thumb"": 0, ""index"": 0, ""middle"": 0, ""ring"": 0, ""little"": 0}",47.6,80.0,60.0,5,"{""thumb"": 46, ""index"": 51, ""middle"": 55, ""ring"": 56, ""little"": 54}",一般,False
2026-06-24 10:23:18,张开手训练,"[190, 161, 162, 162, 162, 162]","[255, 255, 255, 255, 255, 255]","{""thumb"": 0, ""index"": 0, ""middle"": 0, ""ring"": 0, ""little"": 0}",46.2,80.0,60.0,5,"{""thumb"": 46, ""index"": 51, ""middle"": 57, ""ring"": 59, ""little"": 56}",一般,False
2026-06-24 10:23:18,张开手训练,"[188, 157, 154, 154, 154, 154]","[255, 255, 255, 255, 255, 255]","{""thumb"": 0, ""index"": 0, ""middle"": 0, ""ring"": 0, ""little"": 0}",44.6,80.0,60.0,5,"{""thumb"": 47, ""index"": 52, ""middle"": 59, ""ring"": 61, ""little"": 58}",一般,False
2026-06-24 10:23:18,张开手训练,"[188, 154, 146, 146, 146, 146]","[255, 255, 255, 255, 255, 255]","{""thumb"": 0, ""index"": 0, ""middle"": 0, ""ring"": 0, ""little"": 0}",45.4,80.0,60.0,5,"{""thumb"": 47, ""index"": 51, ""middle"": 58, ""ring"": 60, ""little"": 57}",一般,False
2026-06-24 10:23:18,张开手训练,"[186, 150, 140, 138, 138, 138]","[255, 255, 255, 255, 255, 255]","{""thumb"": 0, ""index"": 0, ""middle"": 0, ""ring"": 0, ""little"": 0}",44.4,80.0,60.0,5,"{""thumb"": 48, ""index"": 52, ""middle"": 59, ""ring"": 61, ""little"": 58}",一般,False
2026-06-24 10:23:19,张开手训练,"[186, 148, 136, 130, 130, 131]","[255, 255, 255, 255, 255, 255]","{""thumb"": 0, ""index"": 0, ""middle"": 0, ""ring"": 0, ""little"": 0}",45.0,80.0,60.0,5,"{""thumb"": 49, ""index"": 51, ""middle"": 58, ""ring"": 60, ""little"": 57}",一般,False
2026-06-24 10:23:19,张开手训练,"[186, 148, 133, 124, 122, 124]","[255, 255, 255, 255, 255, 255]","{""thumb"": 0, ""index"": 0, ""middle"": 0, ""ring"": 0, ""little"": 0}",44.6,80.0,60.0,5,"{""thumb"": 47, ""index"": 51, ""middle"": 59, ""ring"": 61, ""little"": 59}",一般,False
2026-06-24 10:23:19,张开手训练,"[186, 146, 130, 118, 115, 119]","[255, 255, 255, 255, 255, 255]","{""thumb"": 0, ""index"": 0, ""middle"": 0, ""ring"": 0, ""little"": 0}",43.2,80.0,60.0,5,"{""thumb"": 49, ""index"": 52, ""middle"": 60, ""ring"": 63, ""little"": 60}",一般,False
2026-06-24 10:23:19,张开手训练,"[186, 146, 128, 114, 110, 115]","[255, 255, 255, 255, 255, 255]","{""thumb"": 0, ""index"": 0, ""middle"": 0, ""ring"": 0, ""little"": 0}",43.6,80.0,60.0,5,"{""thumb"": 47, ""index"": 52, ""middle"": 60, ""ring"": 63, ""little"": 60}",一般,False
2026-06-24 10:23:19,张开手训练,"[186, 146, 128, 111, 106, 112]","[255, 255, 255, 255, 255, 255]","{""thumb"": 0, ""index"": 0, ""middle"": 0, ""ring"": 0, ""little"": 0}",43.6,80.0,60.0,5,"{""thumb"": 47, ""index"": 52, ""middle"": 60, ""ring"": 63, ""little"": 60}",一般,False
2026-06-24 10:23:19,张开手训练,"[184, 144, 128, 109, 103, 110]","[255, 255, 255, 255, 255, 255]","{""thumb"": 0, ""index"": 0, ""middle"": 0, ""ring"": 0, ""little"": 0}",43.4,80.0,60.0,5,"{""thumb"": 49, ""index"": 52, ""middle"": 60, ""ring"": 63, ""little"": 59}",一般,False
2026-06-24 10:23:19,张开手训练,"[184, 144, 126, 107, 101, 108]","[255, 255, 255, 255, 255, 255]","{""thumb"": 0, ""index"": 0, ""middle"": 0, ""ring"": 0, ""little"": 0}",43.4,80.0,60.0,5,"{""thumb"": 48, ""index"": 52, ""middle"": 60, ""ring"": 63, ""little"": 60}",一般,False
2026-06-24 10:23:19,张开手训练,"[184, 144, 126, 107, 101, 108]","[255, 255, 255, 255, 255, 255]","{""thumb"": 0, ""index"": 0, ""middle"": 0, ""ring"": 0, ""little"": 0}",44.4,80.0,60.0,5,"{""thumb"": 48, ""index"": 52, ""middle"": 59, ""ring"": 61, ""little"": 58}",一般,False
2026-06-24 10:23:19,张开手训练,"[184, 144, 126, 107, 101, 108]","[255, 255, 255, 255, 255, 255]","{""thumb"": 0, ""index"": 0, ""middle"": 0, ""ring"": 0, ""little"": 0}",44.8,80.0,60.0,5,"{""thumb"": 48, ""index"": 52, ""middle"": 59, ""ring"": 60, ""little"": 57}",一般,False
2026-06-24 10:23:19,张开手训练,"[184, 144, 126, 110, 105, 111]","[255, 255, 255, 255, 255, 255]","{""thumb"": 0, ""index"": 0, ""middle"": 0, ""ring"": 0, ""little"": 0}",48.2,80.0,60.0,5,"{""thumb"": 47, ""index"": 51, ""middle"": 54, ""ring"": 54, ""little"": 53}",一般,False
2026-06-24 10:23:19,张开手训练,"[184, 146, 126, 113, 108, 113]","[255, 255, 255, 255, 255, 255]","{""thumb"": 0, ""index"": 0, ""middle"": 0, ""ring"": 0, ""little"": 0}",49.4,80.0,60.0,5,"{""thumb"": 43, ""index"": 51, ""middle"": 53, ""ring"": 53, ""little"": 53}",一般,False
2026-06-24 10:23:19,张开手训练,"[186, 149, 126, 115, 111, 115]","[255, 255, 255, 255, 255, 255]","{""thumb"": 0, ""index"": 0, ""middle"": 0, ""ring"": 0, ""little"": 0}",50.2,80.0,60.0,5,"{""thumb"": 41, ""index"": 52, ""middle"": 52, ""ring"": 52, ""little"": 52}",一般,False
2026-06-24 10:23:19,张开手训练,"[190, 154, 124, 116, 113, 115]","[255, 255, 255, 255, 255, 255]","{""thumb"": 0, ""index"": 0, ""middle"": 0, ""ring"": 0, ""little"": 0}",50.0,80.0,60.0,5,"{""thumb"": 36, ""index"": 54, ""middle"": 53, ""ring"": 53, ""little"": 54}",一般,False
2026-06-24 10:23:19,张开手训练,"[196, 162, 118, 113, 112, 108]","[255, 255, 255, 255, 255, 255]","{""thumb"": 0, ""index"": 0, ""middle"": 0, ""ring"": 0, ""little"": 0}",46.0,80.0,60.0,5,"{""thumb"": 26, ""index"": 60, ""middle"": 59, ""ring"": 58, ""little"": 67}",一般,False
2026-06-24 10:23:19,张开手训练,"[204, 170, 126, 106, 104, 102]","[255, 255, 255, 255, 255, 255]","{""thumb"": 0, ""index"": 0, ""middle"": 0, ""ring"": 0, ""little"": 0}",49.2,80.0,60.0,5,"{""thumb"": 18, ""index"": 31, ""middle"": 67, ""ring"": 72, ""little"": 66}",一般,False
2026-06-24 10:23:19,张开手训练,"[212, 178, 134, 114, 112, 110]","[255, 255, 255, 255, 255, 255]","{""thumb"": 0, ""index"": 0, ""middle"": 0, ""ring"": 0, ""little"": 0}",90.2,80.0,60.0,5,"{""thumb"": 3, ""index"": 2, ""middle"": 3, ""ring"": 18, ""little"": 23}",一般,False
2026-06-24 10:23:19,张开手训练,"[220, 186, 142, 122, 120, 118]","[255, 255, 255, 255, 255, 255]","{""thumb"": 0, ""index"": 0, ""middle"": 0, ""ring"": 0, ""little"": 0}",100.0,80.0,60.0,5,"{""thumb"": 0, ""index"": 0, ""middle"": 0, ""ring"": 0, ""little"": 0}",一般,False
2026-06-24 10:23:19,张开手训练,"[228, 194, 150, 130, 128, 126]","[255, 255, 255, 255, 255, 255]","{""thumb"": 0, ""index"": 0, ""middle"": 0, ""ring"": 0, ""little"": 0}",100.0,80.0,60.0,5,"{""thumb"": 0, ""index"": 0, ""middle"": 0, ""ring"": 0, ""little"": 0}",一般,False
2026-06-24 10:23:19,张开手训练,"[235, 202, 158, 138, 136, 134]","[255, 255, 255, 255, 255, 255]","{""thumb"": 0, ""index"": 0, ""middle"": 0, ""ring"": 0, ""little"": 0}",100.0,80.0,60.0,5,"{""thumb"": 0, ""index"": 0, ""middle"": 0, ""ring"": 0, ""little"": 0}",一般,False
2026-06-24 10:23:19,张开手训练,"[240, 210, 166, 146, 144, 142]","[255, 255, 255, 255, 255, 255]","{""thumb"": 0, ""index"": 0, ""middle"": 0, ""ring"": 0, ""little"": 0}",99.8,80.0,60.0,5,"{""thumb"": 1, ""index"": 0, ""middle"": 0, ""ring"": 0, ""little"": 0}",一般,True
2026-06-24 10:23:19,张开手训练,"[243, 218, 174, 154, 152, 150]","[255, 255, 255, 255, 255, 255]","{""thumb"": 0, ""index"": 0, ""middle"": 0, ""ring"": 0, ""little"": 0}",99.4,80.0,60.0,5,"{""thumb"": 3, ""index"": 0, ""middle"": 0, ""ring"": 0, ""little"": 0}",一般,False
2026-06-24 10:23:19,张开手训练,"[244, 225, 182, 162, 160, 158]","[255, 255, 255, 255, 255, 255]","{""thumb"": 0, ""index"": 0, ""middle"": 0, ""ring"": 0, ""little"": 0}",99.2,80.0,60.0,5,"{""thumb"": 4, ""index"": 0, ""middle"": 0, ""ring"": 0, ""little"": 0}",一般,False
2026-06-24 10:23:19,张开手训练,"[244, 230, 190, 170, 168, 166]","[255, 255, 255, 255, 255, 255]","{""thumb"": 0, ""index"": 0, ""middle"": 0, ""ring"": 0, ""little"": 0}",99.0,80.0,60.0,5,"{""thumb"": 5, ""index"": 0, ""middle"": 0, ""ring"": 0, ""little"": 0}",一般,False
2026-06-24 10:23:19,张开手训练,"[244, 232, 198, 178, 176, 174]","[255, 255, 255, 255, 255, 255]","{""thumb"": 0, ""index"": 0, ""middle"": 0, ""ring"": 0, ""little"": 0}",98.8,80.0,60.0,5,"{""thumb"": 6, ""index"": 0, ""middle"": 0, ""ring"": 0, ""little"": 0}",一般,False
2026-06-24 10:23:19,张开手训练,"[244, 232, 206, 186, 184, 182]","[255, 255, 255, 255, 255, 255]","{""thumb"": 0, ""index"": 0, ""middle"": 0, ""ring"": 0, ""little"": 0}",98.2,80.0,60.0,5,"{""thumb"": 9, ""index"": 0, ""middle"": 0, ""ring"": 0, ""little"": 0}",一般,False
2026-06-24 10:23:19,张开手训练,"[244, 232, 214, 194, 192, 190]","[255, 255, 255, 255, 255, 255]","{""thumb"": 0, ""index"": 0, ""middle"": 0, ""ring"": 0, ""little"": 0}",98.2,80.0,60.0,5,"{""thumb"": 9, ""index"": 0, ""middle"": 0, ""ring"": 0, ""little"": 0}",一般,False
2026-06-24 10:23:19,张开手训练,"[244, 232, 222, 202, 200, 198]","[255, 255, 255, 255, 255, 255]","{""thumb"": 0, ""index"": 0, ""middle"": 0, ""ring"": 0, ""little"": 0}",98.2,80.0,60.0,5,"{""thumb"": 9, ""index"": 0, ""middle"": 0, ""ring"": 0, ""little"": 0}",一般,False
2026-06-24 10:23:19,张开手训练,"[244, 232, 230, 210, 208, 206]","[255, 255, 255, 255, 255, 255]","{""thumb"": 0, ""index"": 0, ""middle"": 0, ""ring"": 0, ""little"": 0}",97.8,80.0,60.0,5,"{""thumb"": 11, ""index"": 0, ""middle"": 0, ""ring"": 0, ""little"": 0}",一般,False
2026-06-24 10:23:19,张开手训练,"[242, 232, 236, 218, 216, 214]","[255, 255, 255, 255, 255, 255]","{""thumb"": 0, ""index"": 0, ""middle"": 0, ""ring"": 0, ""little"": 0}",97.8,80.0,60.0,5,"{""thumb"": 11, ""index"": 0, ""middle"": 0, ""ring"": 0, ""little"": 0}",一般,False
2026-06-24 10:23:19,张开手训练,"[242, 232, 241, 226, 224, 222]","[255, 255, 255, 255, 255, 255]","{""thumb"": 0, ""index"": 0, ""middle"": 0, ""ring"": 0, ""little"": 0}",97.8,80.0,60.0,5,"{""thumb"": 11, ""index"": 0, ""middle"": 0, ""ring"": 0, ""little"": 0}",一般,False
2026-06-24 10:23:20,张开手训练,"[242, 232, 244, 233, 232, 230]","[255, 255, 255, 255, 255, 255]","{""thumb"": 0, ""index"": 0, ""middle"": 0, ""ring"": 0, ""little"": 0}",97.8,80.0,60.0,5,"{""thumb"": 11, ""index"": 0, ""middle"": 0, ""ring"": 0, ""little"": 0}",一般,False
2026-06-24 10:23:20,张开手训练,"[242, 232, 247, 238, 238, 236]","[255, 255, 255, 255, 255, 255]","{""thumb"": 0, ""index"": 0, ""middle"": 0, ""ring"": 0, ""little"": 0}",98.0,80.0,60.0,5,"{""thumb"": 10, ""index"": 0, ""middle"": 0, ""ring"": 0, ""little"": 0}",一般,False
2026-06-24 10:23:20,张开手训练,"[242, 232, 249, 242, 242, 241]","[255, 255, 255, 255, 255, 255]","{""thumb"": 0, ""index"": 0, ""middle"": 0, ""ring"": 0, ""little"": 0}",98.0,80.0,60.0,5,"{""thumb"": 10, ""index"": 0, ""middle"": 0, ""ring"": 0, ""little"": 0}",一般,False
2026-06-24 10:23:20,张开手训练,"[242, 232, 250, 245, 245, 244]","[255, 255, 255, 255, 255, 255]","{""thumb"": 0, ""index"": 0, ""middle"": 0, ""ring"": 0, ""little"": 0}",98.0,80.0,60.0,5,"{""thumb"": 10, ""index"": 0, ""middle"": 0, ""ring"": 0, ""little"": 0}",一般,False
2026-06-24 10:23:20,张开手训练,"[242, 232, 250, 248, 248, 247]","[255, 255, 255, 255, 255, 255]","{""thumb"": 0, ""index"": 0, ""middle"": 0, ""ring"": 0, ""little"": 0}",97.8,80.0,60.0,5,"{""thumb"": 11, ""index"": 0, ""middle"": 0, ""ring"": 0, ""little"": 0}",一般,False
2026-06-24 10:23:20,张开手训练,"[242, 232, 250, 250, 250, 249]","[255, 255, 255, 255, 255, 255]","{""thumb"": 0, ""index"": 0, ""middle"": 0, ""ring"": 0, ""little"": 0}",98.2,80.0,60.0,5,"{""thumb"": 9, ""index"": 0, ""middle"": 0, ""ring"": 0, ""little"": 0}",一般,False
2026-06-24 10:23:20,张开手训练,"[242, 232, 250, 250, 250, 250]","[255, 255, 255, 255, 255, 255]","{""thumb"": 0, ""index"": 0, ""middle"": 0, ""ring"": 0, ""little"": 0}",98.0,80.0,60.0,5,"{""thumb"": 10, ""index"": 0, ""middle"": 0, ""ring"": 0, ""little"": 0}",一般,False
2026-06-24 10:23:20,张开手训练,"[242, 232, 250, 250, 250, 250]","[255, 255, 255, 255, 255, 255]","{""thumb"": 0, ""index"": 0, ""middle"": 0, ""ring"": 0, ""little"": 0}",98.0,80.0,60.0,5,"{""thumb"": 10, ""index"": 0, ""middle"": 0, ""ring"": 0, ""little"": 0}",一般,False
2026-06-24 10:23:20,张开手训练,"[242, 232, 250, 250, 250, 250]","[255, 255, 255, 255, 255, 255]","{""thumb"": 0, ""index"": 0, ""middle"": 0, ""ring"": 0, ""little"": 0}",98.0,80.0,60.0,5,"{""thumb"": 10, ""index"": 0, ""middle"": 0, ""ring"": 0, ""little"": 0}",一般,False
2026-06-24 10:23:20,张开手训练,"[242, 232, 250, 250, 250, 250]","[255, 255, 255, 255, 255, 255]","{""thumb"": 0, ""index"": 0, ""middle"": 0, ""ring"": 0, ""little"": 0}",98.2,80.0,60.0,5,"{""thumb"": 9, ""index"": 0, ""middle"": 0, ""ring"": 0, ""little"": 0}",一般,False
2026-06-24 10:23:20,张开手训练,"[242, 232, 250, 250, 250, 250]","[255, 255, 255, 255, 255, 255]","{""thumb"": 0, ""index"": 0, ""middle"": 0, ""ring"": 0, ""little"": 0}",98.2,80.0,60.0,5,"{""thumb"": 9, ""index"": 0, ""middle"": 0, ""ring"": 0, ""little"": 0}",一般,False
2026-06-24 10:23:20,张开手训练,"[242, 232, 250, 250, 250, 250]","[255, 255, 255, 255, 255, 255]","{""thumb"": 0, ""index"": 0, ""middle"": 0, ""ring"": 0, ""little"": 0}",98.2,80.0,60.0,5,"{""thumb"": 9, ""index"": 0, ""middle"": 0, ""ring"": 0, ""little"": 0}",良好,False
2026-06-24 10:23:20,张开手训练,"[242, 232, 250, 250, 250, 250]","[255, 255, 255, 255, 255, 255]","{""thumb"": 0, ""index"": 0, ""middle"": 0, ""ring"": 0, ""little"": 0}",98.0,80.0,60.0,5,"{""thumb"": 10, ""index"": 0, ""middle"": 0, ""ring"": 0, ""little"": 0}",良好,False
2026-06-24 10:23:20,张开手训练,"[242, 232, 250, 250, 250, 250]","[255, 255, 255, 255, 255, 255]","{""thumb"": 0, ""index"": 0, ""middle"": 0, ""ring"": 0, ""little"": 0}",97.8,80.0,60.0,5,"{""thumb"": 11, ""index"": 0, ""middle"": 0, ""ring"": 0, ""little"": 0}",良好,False
2026-06-24 10:23:20,张开手训练,"[242, 232, 250, 250, 250, 250]","[255, 255, 255, 255, 255, 255]","{""thumb"": 0, ""index"": 0, ""middle"": 0, ""ring"": 0, ""little"": 0}",98.0,80.0,60.0,5,"{""thumb"": 10, ""index"": 0, ""middle"": 0, ""ring"": 0, ""little"": 0}",良好,False
2026-06-24 10:23:20,张开手训练,"[242, 232, 250, 250, 250, 250]","[255, 255, 255, 255, 255, 255]","{""thumb"": 0, ""index"": 0, ""middle"": 0, ""ring"": 0, ""little"": 0}",97.8,80.0,60.0,5,"{""thumb"": 11, ""index"": 0, ""middle"": 0, ""ring"": 0, ""little"": 0}",良好,False
2026-06-24 10:23:20,张开手训练,"[242, 232, 250, 250, 250, 250]","[255, 255, 255, 255, 255, 255]","{""thumb"": 0, ""index"": 0, ""middle"": 0, ""ring"": 0, ""little"": 0}",97.8,80.0,60.0,5,"{""thumb"": 11, ""index"": 0, ""middle"": 0, ""ring"": 0, ""little"": 0}",良好,False
2026-06-24 10:23:20,张开手训练,"[242, 232, 250, 250, 250, 250]","[255, 255, 255, 255, 255, 255]","{""thumb"": 0, ""index"": 0, ""middle"": 0, ""ring"": 0, ""little"": 0}",98.0,80.0,60.0,5,"{""thumb"": 10, ""index"": 0, ""middle"": 0, ""ring"": 0, ""little"": 0}",良好,False
2026-06-24 10:23:20,张开手训练,"[242, 232, 250, 250, 250, 250]","[255, 255, 255, 255, 255, 255]","{""thumb"": 0, ""index"": 0, ""middle"": 0, ""ring"": 0, ""little"": 0}",98.2,80.0,60.0,5,"{""thumb"": 9, ""index"": 0, ""middle"": 0, ""ring"": 0, ""little"": 0}",良好,False
2026-06-24 10:23:20,张开手训练,"[242, 234, 250, 250, 250, 250]","[255, 255, 255, 255, 255, 255]","{""thumb"": 0, ""index"": 0, ""middle"": 0, ""ring"": 0, ""little"": 0}",98.6,80.0,60.0,5,"{""thumb"": 7, ""index"": 0, ""middle"": 0, ""ring"": 0, ""little"": 0}",良好,False
2026-06-24 10:23:20,张开手训练,"[244, 237, 250, 250, 250, 250]","[255, 255, 255, 255, 255, 255]","{""thumb"": 0, ""index"": 0, ""middle"": 0, ""ring"": 0, ""little"": 0}",99.2,80.0,60.0,5,"{""thumb"": 4, ""index"": 0, ""middle"": 0, ""ring"": 0, ""little"": 0}",良好,False
2026-06-24 10:23:20,张开手训练,"[246, 241, 250, 250, 250, 250]","[255, 255, 255, 255, 255, 255]","{""thumb"": 0, ""index"": 0, ""middle"": 0, ""ring"": 0, ""little"": 0}",99.8,80.0,60.0,5,"{""thumb"": 1, ""index"": 0, ""middle"": 0, ""ring"": 0, ""little"": 0}",良好,False
2026-06-24 10:23:20,张开手训练,"[248, 244, 250, 250, 250, 250]","[255, 255, 255, 255, 255, 255]","{""thumb"": 0, ""index"": 0, ""middle"": 0, ""ring"": 0, ""little"": 0}",99.4,80.0,60.0,5,"{""thumb"": 0, ""index"": 0, ""middle"": 0, ""ring"": 0, ""little"": 3}",良好,False
2026-06-24 10:23:20,张开手训练,"[248, 244, 250, 250, 248, 244]","[255, 255, 255, 255, 255, 255]","{""thumb"": 0, ""index"": 0, ""middle"": 0, ""ring"": 0, ""little"": 0}",96.2,80.0,60.0,5,"{""thumb"": 3, ""index"": 1, ""middle"": 0, ""ring"": 4, ""little"": 11}",良好,False
2026-06-24 10:23:20,张开手训练,"[246, 240, 250, 246, 240, 236]","[255, 255, 255, 255, 255, 255]","{""thumb"": 0, ""index"": 0, ""middle"": 0, ""ring"": 0, ""little"": 0}",84.0,80.0,60.0,5,"{""thumb"": 10, ""index"": 4, ""middle"": 8, ""ring"": 27, ""little"": 31}",良好,False
2026-06-24 10:23:20,张开手训练,"[239, 232, 242, 238, 232, 228]","[255, 255, 255, 255, 255, 255]","{""thumb"": 0, ""index"": 0, ""middle"": 0, ""ring"": 0, ""little"": 0}",51.2,80.0,60.0,5,"{""thumb"": 24, ""index"": 28, ""middle"": 59, ""ring"": 69, ""little"": 64}",良好,False
2026-06-24 10:23:20,张开手训练,"[231, 224, 234, 230, 224, 220]","[255, 255, 255, 255, 255, 255]","{""thumb"": 0, ""index"": 0, ""middle"": 0, ""ring"": 0, ""little"": 0}",41.2,80.0,60.0,5,"{""thumb"": 32, ""index"": 62, ""middle"": 67, ""ring"": 64, ""little"": 69}",良好,False
2026-06-24 10:23:20,张开手训练,"[223, 216, 226, 222, 216, 212]","[255, 255, 255, 255, 255, 255]","{""thumb"": 0, ""index"": 0, ""middle"": 0, ""ring"": 0, ""little"": 0}",44.2,80.0,60.0,5,"{""thumb"": 40, ""index"": 59, ""middle"": 59, ""ring"": 59, ""little"": 62}",良好,False
2026-06-24 10:23:20,张开手训练,"[215, 208, 218, 214, 208, 204]","[255, 255, 255, 255, 255, 255]","{""thumb"": 0, ""index"": 0, ""middle"": 0, ""ring"": 0, ""little"": 0}",45.6,80.0,60.0,5,"{""thumb"": 48, ""index"": 56, ""middle"": 55, ""ring"": 55, ""little"": 58}",良好,False
2026-06-24 10:23:20,张开手训练,"[207, 200, 210, 206, 200, 196]","[255, 255, 255, 255, 255, 255]","{""thumb"": 0, ""index"": 0, ""middle"": 0, ""ring"": 0, ""little"": 0}",47.0,80.0,60.0,5,"{""thumb"": 51, ""index"": 54, ""middle"": 53, ""ring"": 52, ""little"": 55}",良好,False
2026-06-24 10:23:21,张开手训练,"[201, 192, 202, 198, 192, 188]","[255, 255, 255, 255, 255, 255]","{""thumb"": 0, ""index"": 0, ""middle"": 0, ""ring"": 0, ""little"": 0}",48.8,80.0,60.0,5,"{""thumb"": 47, ""index"": 52, ""middle"": 52, ""ring"": 52, ""little"": 53}",良好,False
2026-06-24 10:23:21,张开手训练,"[196, 184, 194, 190, 184, 180]","[255, 255, 255, 255, 255, 255]","{""thumb"": 0, ""index"": 0, ""middle"": 0, ""ring"": 0, ""little"": 0}",48.4,80.0,60.0,5,"{""thumb"": 49, ""index"": 51, ""middle"": 53, ""ring"": 52, ""little"": 53}",一般,False
2026-06-24 10:23:21,张开手训练,"[191, 176, 186, 182, 176, 172]","[255, 255, 255, 255, 255, 255]","{""thumb"": 0, ""index"": 0, ""middle"": 0, ""ring"": 0, ""little"": 0}",45.6,80.0,60.0,5,"{""thumb"": 51, ""index"": 53, ""middle"": 56, ""ring"": 56, ""little"": 56}",一般,False
2026-06-24 10:23:21,张开手训练,"[186, 168, 178, 174, 168, 164]","[255, 255, 255, 255, 255, 255]","{""thumb"": 0, ""index"": 0, ""middle"": 0, ""ring"": 0, ""little"": 0}",40.6,80.0,60.0,5,"{""thumb"": 55, ""index"": 56, ""middle"": 62, ""ring"": 63, ""little"": 61}",一般,False
2026-06-24 10:23:21,张开手训练,"[180, 160, 170, 166, 160, 156]","[255, 255, 255, 255, 255, 255]","{""thumb"": 0, ""index"": 0, ""middle"": 0, ""ring"": 0, ""little"": 0}",33.4,80.0,60.0,5,"{""thumb"": 62, ""index"": 62, ""middle"": 70, ""ring"": 71, ""little"": 68}",一般,False
2026-06-24 10:23:21,张开手训练,"[174, 152, 162, 158, 152, 148]","[255, 255, 255, 255, 255, 255]","{""thumb"": 0, ""index"": 0, ""middle"": 0, ""ring"": 0, ""little"": 0}",31.2,80.0,60.0,5,"{""thumb"": 66, ""index"": 64, ""middle"": 73, ""ring"": 73, ""little"": 68}",一般,False
2026-06-24 10:23:21,张开手训练,"[168, 144, 154, 150, 144, 140]","[255, 255, 255, 255, 255, 255]","{""thumb"": 0, ""index"": 0, ""middle"": 0, ""ring"": 0, ""little"": 0}",28.6,80.0,60.0,5,"{""thumb"": 69, ""index"": 65, ""middle"": 75, ""ring"": 77, ""little"": 71}",一般,False
2026-06-24 10:23:21,张开手训练,"[163, 136, 146, 142, 136, 132]","[255, 255, 255, 255, 255, 255]","{""thumb"": 0, ""index"": 0, ""middle"": 0, ""ring"": 0, ""little"": 0}",27.4,80.0,60.0,5,"{""thumb"": 70, ""index"": 66, ""middle"": 77, ""ring"": 78, ""little"": 72}",一般,False
2026-06-24 10:23:21,张开手训练,"[159, 128, 138, 134, 128, 124]","[255, 255, 255, 255, 255, 255]","{""thumb"": 0, ""index"": 0, ""middle"": 0, ""ring"": 0, ""little"": 0}",24.6,80.0,60.0,5,"{""thumb"": 72, ""index"": 70, ""middle"": 80, ""ring"": 81, ""little"": 74}",一般,False
2026-06-24 10:23:21,张开手训练,"[155, 120, 130, 126, 120, 116]","[255, 255, 255, 255, 255, 255]","{""thumb"": 0, ""index"": 0, ""middle"": 0, ""ring"": 0, ""little"": 0}",24.8,80.0,60.0,5,"{""thumb"": 73, ""index"": 70, ""middle"": 81, ""ring"": 81, ""little"": 71}",一般,False
2026-06-24 10:23:21,张开手训练,"[151, 112, 122, 118, 112, 108]","[255, 255, 255, 255, 255, 255]","{""thumb"": 0, ""index"": 0, ""middle"": 0, ""ring"": 0, ""little"": 0}",24.2,80.0,60.0,5,"{""thumb"": 75, ""index"": 70, ""middle"": 81, ""ring"": 81, ""little"": 72}",一般,False
2026-06-24 10:23:21,张开手训练,"[148, 104, 114, 110, 104, 100]","[255, 255, 255, 255, 255, 255]","{""thumb"": 0, ""index"": 0, ""middle"": 0, ""ring"": 0, ""little"": 0}",23.6,80.0,60.0,5,"{""thumb"": 76, ""index"": 70, ""middle"": 82, ""ring"": 82, ""little"": 72}",一般,False
2026-06-24 10:23:21,张开手训练,"[146, 98, 106, 102, 96, 92]","[255, 255, 255, 255, 255, 255]","{""thumb"": 0, ""index"": 0, ""middle"": 0, ""ring"": 0, ""little"": 0}",23.4,80.0,60.0,5,"{""thumb"": 75, ""index"": 71, ""middle"": 82, ""ring"": 82, ""little"": 73}",一般,False
2026-06-24 10:23:21,张开手训练,"[144, 92, 98, 94, 88, 86]","[255, 255, 255, 255, 255, 255]","{""thumb"": 0, ""index"": 0, ""middle"": 0, ""ring"": 0, ""little"": 0}",22.6,80.0,60.0,5,"{""thumb"": 76, ""index"": 71, ""middle"": 83, ""ring"": 83, ""little"": 74}",一般,False
2026-06-24 10:23:21,张开手训练,"[144, 88, 94, 86, 80, 83]","[255, 255, 255, 255, 255, 255]","{""thumb"": 0, ""index"": 0, ""middle"": 0, ""ring"": 0, ""little"": 0}",24.4,80.0,60.0,5,"{""thumb"": 76, ""index"": 69, ""middle"": 81, ""ring"": 81, ""little"": 71}",一般,False
2026-06-24 10:23:21,张开手训练,"[144, 86, 90, 78, 72, 78]","[255, 255, 255, 255, 255, 255]","{""thumb"": 0, ""index"": 0, ""middle"": 0, ""ring"": 0, ""little"": 0}",23.6,80.0,60.0,5,"{""thumb"": 74, ""index"": 69, ""middle"": 81, ""ring"": 83, ""little"": 75}",一般,False
2026-06-24 10:23:21,张开手训练,"[144, 86, 88, 72, 67, 78]","[255, 255, 255, 255, 255, 255]","{""thumb"": 0, ""index"": 0, ""middle"": 0, ""ring"": 0, ""little"": 0}",26.2,80.0,60.0,5,"{""thumb"": 74, ""index"": 67, ""middle"": 78, ""ring"": 79, ""little"": 71}",一般,False
2026-06-24 10:23:21,张开手训练,"[146, 88, 88, 70, 66, 78]","[255, 255, 255, 255, 255, 255]","{""thumb"": 0, ""index"": 0, ""middle"": 0, ""ring"": 0, ""little"": 0}",29.6,80.0,60.0,5,"{""thumb"": 69, ""index"": 63, ""middle"": 75, ""ring"": 76, ""little"": 69}",一般,False
2026-06-24 10:23:21,张开手训练,"[150, 93, 94, 74, 72, 82]","[255, 255, 255, 255, 255, 255]","{""thumb"": 0, ""index"": 0, ""middle"": 0, ""ring"": 0, ""little"": 0}",37.8,80.0,60.0,5,"{""thumb"": 62, ""index"": 57, ""middle"": 65, ""ring"": 65, ""little"": 62}",一般,False
2026-06-24 10:23:21,张开手训练,"[155, 101, 101, 82, 80, 89]","[255, 255, 255, 255, 255, 255]","{""thumb"": 0, ""index"": 0, ""middle"": 0, ""ring"": 0, ""little"": 0}",44.6,80.0,60.0,5,"{""thumb"": 55, ""index"": 52, ""middle"": 56, ""ring"": 57, ""little"": 57}",一般,False
2026-06-24 10:23:21,张开手训练,"[163, 109, 105, 90, 88, 95]","[255, 255, 255, 255, 255, 255]","{""thumb"": 0, ""index"": 0, ""middle"": 0, ""ring"": 0, ""little"": 0}",47.6,80.0,60.0,5,"{""thumb"": 42, ""index"": 54, ""middle"": 55, ""ring"": 55, ""little"": 56}",一般,False
2026-06-24 10:23:21,张开手训练,"[171, 117, 105, 95, 94, 98]","[255, 255, 255, 255, 255, 255]","{""thumb"": 0, ""index"": 0, ""middle"": 0, ""ring"": 0, ""little"": 0}",47.0,80.0,60.0,5,"{""thumb"": 36, ""index"": 58, ""middle"": 57, ""ring"": 56, ""little"": 58}",一般,False
2026-06-24 10:23:21,张开手训练,"[179, 125, 102, 91, 94, 94]","[255, 255, 255, 255, 255, 255]","{""thumb"": 0, ""index"": 0, ""middle"": 0, ""ring"": 0, ""little"": 0}",42.4,80.0,60.0,5,"{""thumb"": 24, ""index"": 63, ""middle"": 69, ""ring"": 64, ""little"": 68}",一般,False
2026-06-24 10:23:21,张开手训练,"[187, 133, 110, 98, 94, 94]","[255, 255, 255, 255, 255, 255]","{""thumb"": 0, ""index"": 0, ""middle"": 0, ""ring"": 0, ""little"": 0}",53.2,80.0,60.0,5,"{""thumb"": 11, ""index"": 44, ""middle"": 54, ""ring"": 64, ""little"": 61}",一般,False
2026-06-24 10:23:21,张开手训练,"[195, 141, 118, 106, 102, 102]","[255, 255, 255, 255, 255, 255]","{""thumb"": 0, ""index"": 0, ""middle"": 0, ""ring"": 0, ""little"": 0}",82.4,80.0,60.0,5,"{""thumb"": 4, ""index"": 7, ""middle"": 7, ""ring"": 28, ""little"": 42}",一般,False
2026-06-24 10:23:21,张开手训练,"[203, 149, 126, 114, 110, 110]","[255, 255, 255, 255, 255, 255]","{""thumb"": 0, ""index"": 0, ""middle"": 0, ""ring"": 0, ""little"": 0}",92.0,80.0,60.0,5,"{""thumb"": 2, ""index"": 3, ""middle"": 2, ""ring"": 13, ""little"": 20}",一般,False
2026-06-24 10:23:21,张开手训练,"[211, 157, 134, 122, 118, 118]","[255, 255, 255, 255, 255, 255]","{""thumb"": 0, ""index"": 0, ""middle"": 0, ""ring"": 0, ""little"": 0}",99.6,80.0,60.0,5,"{""thumb"": 0, ""index"": 1, ""middle"": 0, ""ring"": 0, ""little"": 1}",一般,False
2026-06-24 10:23:21,张开手训练,"[219, 165, 142, 130, 126, 126]","[255, 255, 255, 255, 255, 255]","{""thumb"": 0, ""index"": 0, ""middle"": 0, ""ring"": 0, ""little"": 0}",100.0,80.0,60.0,5,"{""thumb"": 0, ""index"": 0, ""middle"": 0, ""ring"": 0, ""little"": 0}",一般,False
2026-06-24 10:23:21,张开手训练,"[227, 173, 150, 138, 134, 134]","[255, 255, 255, 255, 255, 255]","{""thumb"": 0, ""index"": 0, ""middle"": 0, ""ring"": 0, ""little"": 0}",100.0,80.0,60.0,5,"{""thumb"": 0, ""index"": 0, ""middle"": 0, ""ring"": 0, ""little"": 0}",一般,True
2026-06-24 10:23:21,张开手训练,"[234, 181, 158, 146, 142, 142]","[255, 255, 255, 255, 255, 255]","{""thumb"": 0, ""index"": 0, ""middle"": 0, ""ring"": 0, ""little"": 0}",100.0,80.0,60.0,5,"{""thumb"": 0, ""index"": 0, ""middle"": 0, ""ring"": 0, ""little"": 0}",一般,False
2026-06-24 10:23:22,张开手训练,"[239, 189, 166, 154, 150, 150]","[255, 255, 255, 255, 255, 255]","{""thumb"": 0, ""index"": 0, ""middle"": 0, ""ring"": 0, ""little"": 0}",100.0,80.0,60.0,5,"{""thumb"": 0, ""index"": 0, ""middle"": 0, ""ring"": 0, ""little"": 0}",一般,False
2026-06-24 10:23:22,张开手训练,"[242, 197, 174, 162, 158, 158]","[255, 255, 255, 255, 255, 255]","{""thumb"": 0, ""index"": 0, ""middle"": 0, ""ring"": 0, ""little"": 0}",99.6,80.0,60.0,5,"{""thumb"": 2, ""index"": 0, ""middle"": 0, ""ring"": 0, ""little"": 0}",一般,False
2026-06-24 10:23:22,张开手训练,"[244, 205, 182, 170, 166, 166]","[255, 255, 255, 255, 255, 255]","{""thumb"": 0, ""index"": 0, ""middle"": 0, ""ring"": 0, ""little"": 0}",99.6,80.0,60.0,5,"{""thumb"": 2, ""index"": 0, ""middle"": 0, ""ring"": 0, ""little"": 0}",一般,False
2026-06-24 10:23:22,张开手训练,"[244, 213, 190, 178, 174, 174]","[255, 255, 255, 255, 255, 255]","{""thumb"": 0, ""index"": 0, ""middle"": 0, ""ring"": 0, ""little"": 0}",98.8,80.0,60.0,5,"{""thumb"": 6, ""index"": 0, ""middle"": 0, ""ring"": 0, ""little"": 0}",一般,False
2026-06-24 10:23:22,张开手训练,"[244, 218, 198, 186, 182, 182]","[255, 255, 255, 255, 255, 255]","{""thumb"": 0, ""index"": 0, ""middle"": 0, ""ring"": 0, ""little"": 0}",98.2,80.0,60.0,5,"{""thumb"": 9, ""index"": 0, ""middle"": 0, ""ring"": 0, ""little"": 0}",一般,False
2026-06-24 10:23:22,张开手训练,"[244, 223, 206, 194, 190, 190]","[255, 255, 255, 255, 255, 255]","{""thumb"": 0, ""index"": 0, ""middle"": 0, ""ring"": 0, ""little"": 0}",98.4,80.0,60.0,5,"{""thumb"": 8, ""index"": 0, ""middle"": 0, ""ring"": 0, ""little"": 0}",一般,False
2026-06-24 10:23:22,张开手训练,"[244, 225, 214, 202, 198, 198]","[255, 255, 255, 255, 255, 255]","{""thumb"": 0, ""index"": 0, ""middle"": 0, ""ring"": 0, ""little"": 0}",97.8,80.0,60.0,5,"{""thumb"": 11, ""index"": 0, ""middle"": 0, ""ring"": 0, ""little"": 0}",一般,False
2026-06-24 10:23:22,张开手训练,"[242, 225, 222, 210, 206, 206]","[255, 255, 255, 255, 255, 255]","{""thumb"": 0, ""index"": 0, ""middle"": 0, ""ring"": 0, ""little"": 0}",97.8,80.0,60.0,5,"{""thumb"": 11, ""index"": 0, ""middle"": 0, ""ring"": 0, ""little"": 0}",一般,False
2026-06-24 10:23:22,张开手训练,"[242, 225, 230, 218, 214, 214]","[255, 255, 255, 255, 255, 255]","{""thumb"": 0, ""index"": 0, ""middle"": 0, ""ring"": 0, ""little"": 0}",97.8,80.0,60.0,5,"{""thumb"": 11, ""index"": 0, ""middle"": 0, ""ring"": 0, ""little"": 0}",一般,False
2026-06-24 10:23:22,张开手训练,"[242, 225, 236, 226, 222, 222]","[255, 255, 255, 255, 255, 255]","{""thumb"": 0, ""index"": 0, ""middle"": 0, ""ring"": 0, ""little"": 0}",97.8,80.0,60.0,5,"{""thumb"": 11, ""index"": 0, ""middle"": 0, ""ring"": 0, ""little"": 0}",一般,False
2026-06-24 10:23:22,张开手训练,"[242, 225, 241, 233, 230, 230]","[255, 255, 255, 255, 255, 255]","{""thumb"": 0, ""index"": 0, ""middle"": 0, ""ring"": 0, ""little"": 0}",97.8,80.0,60.0,5,"{""thumb"": 11, ""index"": 0, ""middle"": 0, ""ring"": 0, ""little"": 0}",一般,False
2026-06-24 10:23:22,张开手训练,"[242, 227, 244, 238, 236, 236]","[255, 255, 255, 255, 255, 255]","{""thumb"": 0, ""index"": 0, ""middle"": 0, ""ring"": 0, ""little"": 0}",98.0,80.0,60.0,5,"{""thumb"": 10, ""index"": 0, ""middle"": 0, ""ring"": 0, ""little"": 0}",一般,False
2026-06-24 10:23:22,张开手训练,"[242, 227, 247, 242, 241, 241]","[255, 255, 255, 255, 255, 255]","{""thumb"": 0, ""index"": 0, ""middle"": 0, ""ring"": 0, ""little"": 0}",98.0,80.0,60.0,5,"{""thumb"": 10, ""index"": 0, ""middle"": 0, ""ring"": 0, ""little"": 0}",一般,False
2026-06-24 10:23:22,张开手训练,"[242, 227, 249, 245, 244, 244]","[255, 255, 255, 255, 255, 255]","{""thumb"": 0, ""index"": 0, ""middle"": 0, ""ring"": 0, ""little"": 0}",98.0,80.0,60.0,5,"{""thumb"": 10, ""index"": 0, ""middle"": 0, ""ring"": 0, ""little"": 0}",一般,False
2026-06-24 10:23:22,张开手训练,"[242, 229, 250, 248, 247, 247]","[255, 255, 255, 255, 255, 255]","{""thumb"": 0, ""index"": 0, ""middle"": 0, ""ring"": 0, ""little"": 0}",98.2,80.0,60.0,5,"{""thumb"": 9, ""index"": 0, ""middle"": 0, ""ring"": 0, ""little"": 0}",一般,False
2026-06-24 10:23:22,张开手训练,"[242, 229, 250, 250, 249, 249]","[255, 255, 255, 255, 255, 255]","{""thumb"": 0, ""index"": 0, ""middle"": 0, ""ring"": 0, ""little"": 0}",98.0,80.0,60.0,5,"{""thumb"": 10, ""index"": 0, ""middle"": 0, ""ring"": 0, ""little"": 0}",一般,False
2026-06-24 10:23:22,张开手训练,"[242, 229, 250, 250, 250, 250]","[255, 255, 255, 255, 255, 255]","{""thumb"": 0, ""index"": 0, ""middle"": 0, ""ring"": 0, ""little"": 0}",98.2,80.0,60.0,5,"{""thumb"": 9, ""index"": 0, ""middle"": 0, ""ring"": 0, ""little"": 0}",一般,False
2026-06-24 10:23:22,张开手训练,"[242, 229, 250, 250, 250, 250]","[255, 255, 255, 255, 255, 255]","{""thumb"": 0, ""index"": 0, ""middle"": 0, ""ring"": 0, ""little"": 0}",98.0,80.0,60.0,5,"{""thumb"": 10, ""index"": 0, ""middle"": 0, ""ring"": 0, ""little"": 0}",一般,False
2026-06-24 10:23:22,张开手训练,"[242, 229, 250, 250, 250, 250]","[255, 255, 255, 255, 255, 255]","{""thumb"": 0, ""index"": 0, ""middle"": 0, ""ring"": 0, ""little"": 0}",98.0,80.0,60.0,5,"{""thumb"": 10, ""index"": 0, ""middle"": 0, ""ring"": 0, ""little"": 0}",一般,False
2026-06-24 10:23:22,张开手训练,"[242, 229, 250, 250, 250, 250]","[255, 255, 255, 255, 255, 255]","{""thumb"": 0, ""index"": 0, ""middle"": 0, ""ring"": 0, ""little"": 0}",98.2,80.0,60.0,5,"{""thumb"": 9, ""index"": 0, ""middle"": 0, ""ring"": 0, ""little"": 0}",一般,False
2026-06-24 10:23:22,张开手训练,"[242, 230, 250, 250, 250, 250]","[255, 255, 255, 255, 255, 255]","{""thumb"": 0, ""index"": 0, ""middle"": 0, ""ring"": 0, ""little"": 0}",98.2,80.0,60.0,5,"{""thumb"": 9, ""index"": 0, ""middle"": 0, ""ring"": 0, ""little"": 0}",一般,False
2026-06-24 10:23:22,张开手训练,"[242, 230, 250, 250, 250, 250]","[255, 255, 255, 255, 255, 255]","{""thumb"": 0, ""index"": 0, ""middle"": 0, ""ring"": 0, ""little"": 0}",98.2,80.0,60.0,5,"{""thumb"": 9, ""index"": 0, ""middle"": 0, ""ring"": 0, ""little"": 0}",一般,False
2026-06-24 10:23:22,张开手训练,"[242, 230, 250, 250, 250, 250]","[255, 255, 255, 255, 255, 255]","{""thumb"": 0, ""index"": 0, ""middle"": 0, ""ring"": 0, ""little"": 0}",98.2,80.0,60.0,5,"{""thumb"": 9, ""index"": 0, ""middle"": 0, ""ring"": 0, ""little"": 0}",良好,False
2026-06-24 10:23:22,张开手训练,"[242, 230, 250, 250, 250, 250]","[255, 255, 255, 255, 255, 255]","{""thumb"": 0, ""index"": 0, ""middle"": 0, ""ring"": 0, ""little"": 0}",98.4,80.0,60.0,5,"{""thumb"": 8, ""index"": 0, ""middle"": 0, ""ring"": 0, ""little"": 0}",良好,False
2026-06-24 10:23:22,张开手训练,"[242, 230, 250, 250, 250, 250]","[255, 255, 255, 255, 255, 255]","{""thumb"": 0, ""index"": 0, ""middle"": 0, ""ring"": 0, ""little"": 0}",98.0,80.0,60.0,5,"{""thumb"": 10, ""index"": 0, ""middle"": 0, ""ring"": 0, ""little"": 0}",良好,False
2026-06-24 10:23:22,张开手训练,"[242, 230, 250, 250, 250, 250]","[255, 255, 255, 255, 255, 255]","{""thumb"": 0, ""index"": 0, ""middle"": 0, ""ring"": 0, ""little"": 0}",98.2,80.0,60.0,5,"{""thumb"": 9, ""index"": 0, ""middle"": 0, ""ring"": 0, ""little"": 0}",良好,False
2026-06-24 10:23:22,张开手训练,"[242, 232, 250, 250, 250, 250]","[255, 255, 255, 255, 255, 255]","{""thumb"": 0, ""index"": 0, ""middle"": 0, ""ring"": 0, ""little"": 0}",98.6,80.0,60.0,5,"{""thumb"": 7, ""index"": 0, ""middle"": 0, ""ring"": 0, ""little"": 0}",良好,False
2026-06-24 10:23:22,张开手训练,"[242, 234, 250, 250, 250, 250]","[255, 255, 255, 255, 255, 255]","{""thumb"": 0, ""index"": 0, ""middle"": 0, ""ring"": 0, ""little"": 0}",98.6,80.0,60.0,5,"{""thumb"": 7, ""index"": 0, ""middle"": 0, ""ring"": 0, ""little"": 0}",良好,False
2026-06-24 10:23:22,张开手训练,"[242, 234, 250, 250, 250, 250]","[255, 255, 255, 255, 255, 255]","{""thumb"": 0, ""index"": 0, ""middle"": 0, ""ring"": 0, ""little"": 0}",98.6,80.0,60.0,5,"{""thumb"": 7, ""index"": 0, ""middle"": 0, ""ring"": 0, ""little"": 0}",良好,False
2026-06-24 10:23:22,张开手训练,"[242, 234, 250, 250, 250, 250]","[255, 255, 255, 255, 255, 255]","{""thumb"": 0, ""index"": 0, ""middle"": 0, ""ring"": 0, ""little"": 0}",98.6,80.0,60.0,5,"{""thumb"": 7, ""index"": 0, ""middle"": 0, ""ring"": 0, ""little"": 0}",良好,False
2026-06-24 10:23:23,张开手训练,"[242, 234, 250, 250, 250, 250]","[255, 255, 255, 255, 255, 255]","{""thumb"": 0, ""index"": 0, ""middle"": 0, ""ring"": 0, ""little"": 0}",98.4,80.0,60.0,5,"{""thumb"": 8, ""index"": 0, ""middle"": 0, ""ring"": 0, ""little"": 0}",良好,False
2026-06-24 10:23:23,张开手训练,"[242, 234, 250, 250, 250, 250]","[255, 255, 255, 255, 255, 255]","{""thumb"": 0, ""index"": 0, ""middle"": 0, ""ring"": 0, ""little"": 0}",98.4,80.0,60.0,5,"{""thumb"": 8, ""index"": 0, ""middle"": 0, ""ring"": 0, ""little"": 0}",良好,False
2026-06-24 10:23:23,张开手训练,"[242, 234, 250, 250, 250, 250]","[255, 255, 255, 255, 255, 255]","{""thumb"": 0, ""index"": 0, ""middle"": 0, ""ring"": 0, ""little"": 0}",98.2,80.0,60.0,5,"{""thumb"": 9, ""index"": 0, ""middle"": 0, ""ring"": 0, ""little"": 0}",良好,False
2026-06-24 10:23:23,张开手训练,"[242, 234, 250, 250, 250, 250]","[255, 255, 255, 255, 255, 255]","{""thumb"": 0, ""index"": 0, ""middle"": 0, ""ring"": 0, ""little"": 0}",98.4,80.0,60.0,5,"{""thumb"": 8, ""index"": 0, ""middle"": 0, ""ring"": 0, ""little"": 0}",良好,False
2026-06-24 10:23:23,张开手训练,"[242, 236, 250, 250, 250, 250]","[255, 255, 255, 255, 255, 255]","{""thumb"": 0, ""index"": 0, ""middle"": 0, ""ring"": 0, ""little"": 0}",98.8,80.0,60.0,5,"{""thumb"": 6, ""index"": 0, ""middle"": 0, ""ring"": 0, ""little"": 0}",良好,False
2026-06-24 10:23:23,张开手训练,"[242, 238, 250, 250, 250, 250]","[255, 255, 255, 255, 255, 255]","{""thumb"": 0, ""index"": 0, ""middle"": 0, ""ring"": 0, ""little"": 0}",99.0,80.0,60.0,5,"{""thumb"": 5, ""index"": 0, ""middle"": 0, ""ring"": 0, ""little"": 0}",良好,False
2026-06-24 10:23:23,张开手训练,"[242, 238, 250, 250, 250, 250]","[255, 255, 255, 255, 255, 255]","{""thumb"": 0, ""index"": 0, ""middle"": 0, ""ring"": 0, ""little"": 0}",98.8,80.0,60.0,5,"{""thumb"": 6, ""index"": 0, ""middle"": 0, ""ring"": 0, ""little"": 0}",良好,False
2026-06-24 10:23:23,张开手训练,"[244, 240, 250, 250, 250, 250]","[255, 255, 255, 255, 255, 255]","{""thumb"": 0, ""index"": 0, ""middle"": 0, ""ring"": 0, ""little"": 0}",99.4,80.0,60.0,5,"{""thumb"": 3, ""index"": 0, ""middle"": 0, ""ring"": 0, ""little"": 0}",良好,False
2026-06-24 10:23:23,张开手训练,"[246, 242, 250, 250, 250, 250]","[255, 255, 255, 255, 255, 255]","{""thumb"": 0, ""index"": 0, ""middle"": 0, ""ring"": 0, ""little"": 0}",99.4,80.0,60.0,5,"{""thumb"": 3, ""index"": 0, ""middle"": 0, ""ring"": 0, ""little"": 0}",良好,False
2026-06-24 10:23:23,张开手训练,"[248, 245, 250, 250, 250, 250]","[255, 255, 255, 255, 255, 255]","{""thumb"": 0, ""index"": 0, ""middle"": 0, ""ring"": 0, ""little"": 0}",100.0,80.0,60.0,5,"{""thumb"": 0, ""index"": 0, ""middle"": 0, ""ring"": 0, ""little"": 0}",良好,False
